tree
version=v4
num_class=1
num_tree_per_iteration=1
label_index=0
max_feature_idx=28
objective=binary sigmoid:1
feature_names=amount log_amount amount_usd fraud_score local_hour local_dow is_night is_weekend is_cross_border customer_tenure_days product_tenure_days prior_tx_count prior_tx_count_1h prior_tx_count_24h prior_tx_count_7d secs_since_prev_tx prior_mean_amount_same_ccy amount_to_prior_mean prior_count_same_merchant prior_cross_border_count_30d currency channel transaction_type transaction_category merchant_category merchant_name transaction_country transaction_city product_type
feature_infos=[5.0399999618530273:39990568] [1.7984039783477783:17.504154205322266] [5.0100002288818359:9997.830078125] [0:99.69000244140625] [0:23] [1:7] [0:1] [0:1] [0:1] [-1094:2590] [-1088:2590] [0:100] [0:2] [0:3] [0:5] [3:54668660] [5.119999885559082:39990972] [0.0012411554343998432:972.88720703125] [0:7] [0:3] -1:2:1:0 -1:3:0:5:1:2:4 -1:3:5:4:2:1:0 -1:1:4:3:0:5:2 -1:1:4:3:0:5:2 -1:17:13:14:20:15:1:11:6:9:22:2:21:18:5:19:16:3:0:7:10:4:12:8:23 -1:3:2:0:1:5 -1:17:9:19:26:7:20:14:2:1:5:6:4:15:8:22:11:10:3:16:21:13:23:25:27:24:12:0:18 -1:0:1:6:7:4:3:2
tree_sizes=1748 1792 1782 1799 1797 1787 1777 1792 1766 1791 1784 1804 1796 1771 1790 1819 1781 1769 1778 1771 1790 1795 1763 1800 1784 1754 1791 1784 1792 1805 1777 1789 1785 1769 1794 1793 1822 1818 1811 1778 1762 1780 1790 1802 1808 1788 1795 1794 1814 1806 1781 1798 1787 1807 1808 1801 1790 1788 1794 1790 1811 1799 1807 1797 1794 1781 1785 1795 1807 1803 1807 1788 1780 1782 1810 1795 1780 1781 1788 1780 1803 1783 1794 1808 1772 1800 1793 1793 1813 1818 1827 1798 1791 1774 1812 1781 1814 1803 1801 1802

Tree=0
num_leaves=15
num_cat=1
split_feature=3 3 27 0 17 19 11 10 0 10 11 11 5 10
split_gain=729583 235.86 20.0547 10.4761 7.8374 7.47004 7.39855 7.2034 9.39656 21.439 9.96278 7.18837 5.49603 5.41936
threshold=30.345000267028812 29.994999885559086 0 41.204999923706062 0.12577890604734424 1.0000000180025095e-35 35.500000000000007 2175.5000000000005 4146.3950195312509 2288.5000000000005 22.500000000000004 28.500000000000004 4.5000000000000009 1447.5000000000002
decision_type=10 8 9 2 10 8 2 2 2 2 2 2 2 2
left_child=1 -1 4 -4 6 13 -3 -5 9 10 -9 -10 -8 -6
right_child=-2 2 3 7 5 -7 12 8 11 -11 -12 -13 -14 -15
leaf_value=-6.9340646739818759 21.205692103575107 -6.9313525078368556 -6.8165987537365789 -6.8895419979590216 -6.9005485626086136 -6.9158304842999012 -6.9133392382383398 -6.658549203367472 -6.9298037071669008 -6.9076501277970532 -6.87477954411687 -6.8327617755451486 -6.7998145985512863 -6.8734178803416492
leaf_weight=1933.4158582040109 1.306903593474998 41.615515659097582 4.2892213468439868 272.51960502367001 68.209694869001396 59.383564745425247 1.8093264695489772 1.2384371494408681 4.2247823406942189 2.6329375169007108 1.0229692226275799 2.0127120827091858 1.0118937684455884 24.15455871145241
leaf_count=1920244 1298 41332 4260 270663 67745 58979 1797 1230 4196 2615 1016 1999 1005 23990
internal_value=-6.89945 -6.92625 -6.89505 -6.8869 -6.9072 -6.90214 -6.92584 -6.88783 -6.85004 -6.80474 -6.71898 -6.89368 -6.85735 -6.89326
internal_weight=2418.85 2417.54 484.125 287.941 196.185 151.748 44.4367 283.651 11.1318 4.89434 2.26141 6.23749 2.82122 92.3643
internal_count=2402369 2401071 480827 285979 194848 150714 44134 281719 11056 4861 2246 6195 2802 91735
cat_boundaries=0 1
cat_threshold=45258188
is_linear=0
shrinkage=1


Tree=1
num_leaves=15
num_cat=1
split_feature=3 3 3 15 24 15 10 2 10 17 17 2 9 4
split_gain=202.43 20.4831 11.9744 6.64595 12.6105 10.2021 19.8703 7.88004 11.3612 9.61885 8.15139 7.76252 15.3069 11.9617
threshold=29.875000000000004 29.974999427795414 29.98499965667725 1403890.5000000002 0 3159637.0000000005 974.50000000000011 450.67500305175787 -657.49999999999989 1.1808680891990664 0.64639705419540416 2715.2299804687505 1002.5000000000001 5.5000000000000009
decision_type=8 10 10 8 9 10 2 8 2 8 10 8 2 2
left_child=-1 3 -3 7 5 -5 -7 -2 9 10 -9 12 -10 -14
right_child=1 2 -4 4 -6 6 -8 8 11 -11 -12 -13 13 -15
leaf_value=-0.033877350260821802 -0.01063179489850298 -0.019416040972523481 0.20383213700374272 0.0069621159212397829 -0.0067898508748657112 0.0069606081630486961 0.16140546890052071 0.04435011802372716 0.00094769441121418739 -0.00069328659622761425 0.19314836656263407 0.0049051375370038732 -0.010977855671188412 0.10240548372268372
leaf_weight=1860.3191207337593 44.664768257527612 0.63383459579201462 0.96961740770368832 8.6478523508412852 258.31072462175507 4.2630255545955142 3.2564434446394444 3.2377935352269551 15.668161973124372 3.0531082574743778 1.0561376872938124 138.2034023902379 2.8402741505997247 8.5112565095769224
leaf_count=1913635 44239 652 2318 8562 256425 4239 3232 3210 15462 3022 1045 136426 2802 8396
internal_value=-0.0263299 0.00214279 0.142022 0.00139933 -0.00376714 0.0291091 0.0849404 0.00791456 0.0127483 0.0697584 0.11052 0.00980884 0.0338206 0.0754438
internal_weight=2353.64 493.316 1.60345 491.713 274.478 16.1673 7.51947 217.235 172.57 7.34704 4.29393 165.223 27.0197 11.3515
internal_count=2403665 490030 2970 487060 272458 16033 7471 214602 170363 7277 4255 163086 26660 11198
cat_boundaries=0 1
cat_threshold=12
is_linear=0
shrinkage=0.05


Tree=2
num_leaves=15
num_cat=3
split_feature=3 27 23 25 17 17 15 15 15 10 17 0 17 15
split_gain=211.371 16.0675 16.4516 11.8128 15.1068 10.5469 7.32198 6.58147 5.84918 8.07732 8.58749 6.94793 7.97658 5.9992
threshold=29.994999885559086 0 1 2 0.69295039772987377 0.16677957773208621 2788710.5000000005 682564.00000000012 1334351.5000000002 -564.49999999999989 1.1426582932472231 48.57500076293946 0.055905429646372802 1160574.0000000002
decision_type=8 9 9 9 10 8 8 10 10 2 10 2 8 10
left_child=-1 2 -2 5 -5 6 7 -3 9 10 -4 -11 -13 -14
right_child=1 3 8 4 -6 -7 -8 -9 -10 11 -12 12 13 -15
leaf_value=-0.033499055401366412 -0.015913633154680938 0.021038865455970033 0.11671113489133478 -0.016781880748964077 0.006855445085001851 0.017062775756065171 -0.0015743478135214557 0.18797853965244823 0.012598805673912035 0.10928579500451591 -0.010959903893948927 -0.039806578267937681 0.021772781606771329 0.071831009036056701
leaf_weight=1805.8638236537906 31.491680371435038 1.1107324459967904 4.0973550550285607 159.81403510604451 115.85989925951429 7.9408454125362784 1.0639125809886754 1.7309730271370245 88.387144550942182 1.5107060966898149 1.5594291285348552 3.8858492358001002 61.653949192194823 5.9743643468646104
leaf_count=1921092 30938 1107 3954 159410 114782 7881 1063 1732 87848 1434 1534 3864 60631 5864
internal_value=-0.0256251 0.00363657 0.0141337 -0.00398819 -0.00661949 0.0309491 0.113038 0.145189 0.0204306 0.0315241 0.0851563 0.0262753 0.0230388 0.0271772
internal_weight=2291.94 486.081 198.56 287.52 275.674 11.8465 3.90562 2.84171 167.069 78.6817 5.65678 73.0249 71.5142 67.6283
internal_count=2403134 482042 196067 285975 274192 11783 3902 2839 165129 77281 5488 71793 70359 66495
cat_boundaries=0 1 2 3
cat_threshold=91057313 10 22656
is_linear=0
shrinkage=0.05


Tree=3
num_leaves=15
num_cat=2
split_feature=3 25 9 25 16 10 14 4 9 10 10 16 16 4
split_gain=197.942 10.781 6.9008 7.00338 9.17444 8.39308 8.16745 11.8842 8.14757 6.71127 7.93357 7.14769 5.34873 8.86508
threshold=29.994999885559086 0 2471.5000000000005 1 821.27017211914074 1928.5000000000002 1.0000000180025095e-35 7.5000000000000009 1628.5000000000002 1369.5000000000002 -319.49999999999994 3849599.0000000005 8290792.7500000009 13.500000000000002
decision_type=8 9 2 9 10 2 2 2 2 2 2 10 10 2
left_child=-1 -2 3 4 -3 6 7 -6 -9 10 -5 -11 -12 -14
right_child=1 2 -4 9 5 -7 -8 8 -10 11 12 -13 13 -15
leaf_value=-0.032995215420715679 -0.021847264048255315 -0.011212697547507989 0.087228974027761322 0.015254799071021353 0.011525418606289093 -0.032258800958080092 0.002484250171571863 0.14343772209855699 0.0093401153778563412 0.018526603652793763 -0.0072484462855512705 -0.011145710494828022 0.044673517684783642 -0.018892989174386948
leaf_weight=1746.7698633835294 29.794617519246355 6.7254339121384055 1.5499038957509572 58.719650690694749 3.8727310348532944 1.8128491756702256 3.7596647613640597 5.9773695219721228 1.5264494646528399 99.616513076983111 229.12958576656462 24.704807960922423 12.196763721451193 8.6300793076239
leaf_count=1921412 29431 6499 1526 57808 3725 1717 3696 5750 1467 98096 227577 24410 12143 8573
internal_value=-0.0251338 0.00301489 0.0050415 0.00468273 0.0263894 0.0558057 0.0676986 0.0873083 0.120465 0.00276605 -0.00112849 0.0125883 -0.00502269 0.0186745
internal_weight=2234.79 488.016 458.222 456.672 23.6745 16.9491 15.1362 11.3766 7.50382 432.997 308.676 124.321 249.956 20.8268
internal_count=2403830 482418 452987 451461 22854 16355 14638 10942 7217 428607 306101 122506 248293 20716
cat_boundaries=0 1 2
cat_threshold=658437 8409488
is_linear=0
shrinkage=0.05


Tree=4
num_leaves=15
num_cat=2
split_feature=3 3 27 25 2 17 9 15 4 2 16 0 2 8
split_gain=196.747 27.7681 18.015 8.96733 10.1237 10.6907 9.11086 9.88643 11.5357 6.97003 7.73177 6.16319 6.14246 6.30457
threshold=29.875000000000004 29.98499965667725 0 1 1200.9949951171877 0.74118930101394664 1038.5000000000002 1922743.0000000002 8.5000000000000018 84.694999694824233 571.63967895507824 55.245000839233406 8115.2451171875009 1.0000000180025095e-35
decision_type=8 10 9 9 10 8 2 10 2 8 8 2 10 2
left_child=-1 2 -2 6 11 -6 9 -8 -9 -4 -11 -5 13 -7
right_child=1 -3 3 4 5 12 7 8 -10 10 -12 -13 -14 -15
leaf_value=-0.033000231004594385 -0.010211670301705039 0.1818552899150222 -0.02885631671806619 0.049055188474106524 0.08485040905580829 0.017862661095481357 -0.030871964035666728 -0.033139164939171371 0.10035241407469533 -0.00040110402709798537 0.087263316781710967 -0.00011284040404912597 -0.028126683935792186 0.098024559410040665
leaf_weight=1682.8971939938892 181.03880058554944 1.1562270452673136 1.3613823142368406 5.5589607505825134 5.6718786648125379 40.229129243583884 6.8233488251571526 1.9593772696098311 3.3220033483812585 3.0291625204263282 13.565320552908814 225.27981840900611 5.8439145571319377 1.7016594566521224
leaf_count=1913548 180941 2329 1307 5180 5493 39024 6605 1888 3159 2923 12970 220772 5692 1651
internal_value=-0.0248443 0.00280901 0.0020256 0.00911803 0.00565935 0.0252524 0.0315483 0.00718291 0.0534361 0.0633715 0.0721477 0.00127769 0.0165822 0.0233234
internal_weight=2179.44 496.541 495.385 314.346 284.285 53.4466 30.0606 12.1047 5.28138 17.9559 16.5945 230.839 47.7747 41.9308
internal_count=2403482 489934 487605 306664 277812 51860 28852 11652 5047 17200 15893 225952 46367 40675
cat_boundaries=0 1 2
cat_threshold=45257293 10763184
is_linear=0
shrinkage=0.05


Tree=5
num_leaves=15
num_cat=4
split_feature=3 3 27 15 25 27 8 16 9 15 10 25 0 10
split_gain=181.056 23.5798 13.6426 10.3951 8.93601 6.98563 6.8183 9.70364 6.68967 6.93174 6.36906 6.35867 6.25423 12.2153
threshold=29.894999504089359 29.98499965667725 0 2357848.5000000005 1 2 1.0000000180025095e-35 1173.0697021484377 2185.5000000000005 4904301.5000000009 2054.5000000000005 3 451.97000122070318 1539.5000000000002
decision_type=8 10 9 10 9 9 2 10 2 10 2 9 2 2
left_child=-1 2 3 5 -4 10 -6 -8 -5 -10 11 -2 13 -13
right_child=1 -3 4 8 6 -7 7 -9 9 -11 -12 12 -14 -15
leaf_value=-0.031978158167305572 -0.018527640380952681 0.1591864382960152 -0.014003218673025562 -0.024178504217936964 0.011305170169743682 -0.012614892214609303 0.12021489453420249 0.020288867604416349 0.08659947141500722 -0.030349548287664615 -0.036377197072321371 0.019559576781320896 0.0096957756964662477 0.11386659055084269
leaf_weight=1629.2747955142936 8.0514543970348296 1.3897475545618352 27.852567215799361 80.172730898018926 215.76425344997548 53.125224813353299 2.5241879241075358 9.6630337740643863 1.9275626514572644 1.5405449194367973 6.3166665506432755 16.239905484893828 68.460569629329257 3.5757893716217941
leaf_count=1914530 8045 2325 27259 80778 208415 53073 2451 9266 1935 1546 6142 16574 67359 3549
internal_value=-0.0239265 0.00250065 0.00174102 -0.00671927 0.00954445 0.000661083 0.0129338 0.0485319 -0.0211035 0.0394845 0.00803005 0.0121109 0.0154288 0.0412302
internal_weight=2125.88 496.604 495.214 239.41 255.804 155.77 227.951 12.1872 83.6408 3.46811 102.644 96.3277 88.2763 19.8157
internal_count=2403247 488717 486392 239001 247391 154742 220132 11717 84259 3481 101669 95527 87482 20123
cat_boundaries=0 1 2 3 4
cat_threshold=43424613 4932655 34736420 5250133
is_linear=0
shrinkage=0.05


Tree=6
num_leaves=15
num_cat=3
split_feature=3 27 10 17 15 25 17 9 25 15 10 9 16 10
split_gain=167.088 16.251 8.52617 9.3651 8.13074 7.75171 20.3634 9.67919 7.57579 7.42801 7.13633 7.09488 9.70362 5.7742
threshold=29.994999885559086 0 1313.5000000000002 5.3689599037170419 8642895.5000000019 1 0.15819130092859271 1425.5000000000002 2 13842183.000000002 1335.5000000000002 -594.49999999999989 2167.942260742188 1631.5000000000002
decision_type=8 9 2 10 10 9 8 2 9 10 2 2 10 2
left_child=-1 2 4 8 5 6 7 -2 -4 -6 -10 12 -12 -5
right_child=1 -3 3 13 9 -7 -8 -9 10 -11 11 -13 -14 -15
leaf_value=-0.031151507462503194 0.16020134484828791 -0.0057704731669776105 -0.018273244757850905 0.16000619102619329 0.083510799295058225 -0.0018224174722035651 0.0019263373142261375 -0.0027534819185016067 0.11621249230564086 -0.018094063556459431 -0.0063238540484732474 0.021231075992645457 0.16316926520280345 0.022191308937715176
leaf_weight=1584.5129396914356 3.2807493059034649 276.95048313695946 6.3250379929738969 1.1425067965129205 4.9901090629204221 127.93119245256678 8.6202775902904225 1.1153206105982785 1.4061188431874061 2.1307929023732886 1.2880233807372716 53.711407165471933 1.1107245980582896 1.7691157564454985
leaf_count=1921132 3029 274856 6083 1088 4911 124446 8275 1080 1364 2098 1227 51118 1066 1679
internal_value=-0.0232539 0.00220406 0.0121676 0.0274353 0.00596296 0.00313706 0.0290839 0.12601 0.0224325 0.0546232 0.0258499 0.0261165 0.0970758 0.10335
internal_weight=2076.28 491.772 214.821 66.7529 148.068 140.948 13.0163 4.39607 63.8413 7.1209 57.5163 56.1102 2.39875 2.91162
internal_count=2403452 482320 207464 63625 143839 136830 12384 4109 60858 7009 54775 53411 2293 2767
cat_boundaries=0 1 2 3
cat_threshold=224994963 92856 607866
is_linear=0
shrinkage=0.05


Tree=7
num_leaves=15
num_cat=1
split_feature=3 25 4 16 16 9 10 16 0 17 0 10 2 17
split_gain=170.907 7.81637 7.24617 6.26321 11.002 5.72858 5.71883 5.50828 5.32745 5.80165 6.51612 4.55515 7.25032 6.71479
threshold=29.994999885559086 0 2.5000000000000004 916.64404296875011 77485.164062500015 1038.5000000000002 1481.5000000000002 324.09873962402349 168213.82812500003 0.14981216937303546 1605143.6875000002 1608.5000000000002 436.17500305175787 0.79470399022102367
decision_type=8 9 2 10 8 2 2 8 2 10 2 2 8 10
left_child=-1 2 -2 7 5 -5 8 -4 -6 -10 -11 -3 13 -13
right_child=1 11 3 4 6 -7 -8 -9 9 10 -12 12 -14 -15
leaf_value=-0.030884102656934434 -0.025516309793195593 -0.0017968417800273595 0.050134336745063235 0.11398183606377366 -0.0055859064766545924 0.029271739471096726 -0.029331568964708184 -0.020947121483558772 -0.013063343847099713 0.11325043479700481 -0.0072029285227462637 -0.028711040350850803 0.016937285043725527 0.066150571777373934
leaf_weight=1536.3833054623192 5.1154613967321998 357.51884348062822 2.9930679785166152 6.0108521808875794 4.6231219552334384 4.043186166621612 3.8281581940482807 7.5911540165015694 1.7047973134101262 3.5929744641835653 1.334887365977474 15.404128603502343 77.370580721988262 1.1518669002187714
leaf_count=1921625 4901 353246 2892 5320 4291 3821 3565 7275 1585 3370 1234 15469 73993 1126
internal_value=-0.0226738 0.00296067 0.0213338 0.0343645 0.047506 0.0856459 0.0183398 0.00174633 0.0356235 0.0613161 0.0849106 0.000766687 0.0105213 -0.0187191
internal_weight=2028.67 492.283 40.8377 35.7222 25.138 10.054 15.0839 10.5842 11.2558 6.63266 4.92786 451.445 93.9266 16.556
internal_count=2403713 482088 38254 33353 23186 9141 14045 10167 10480 6189 4604 443834 90588 16595
cat_boundaries=0 1
cat_threshold=8403858
is_linear=0
shrinkage=0.05


Tree=8
num_leaves=15
num_cat=5
split_feature=3 27 8 10 10 20 25 4 16 25 23 10 16 10
split_gain=167.39 11.9467 12.74 12.0925 12.775 10.2481 10.2356 13.7755 8.92538 6.67882 7.97139 6.53425 7.07306 9.15521
threshold=29.994999885559086 0 1.0000000180025095e-35 2195.5000000000005 2288.5000000000005 1 2 7.5000000000000009 916.64404296875011 3 4 -600.49999999999989 5590766.2500000009 891.50000000000011
decision_type=8 9 2 2 2 1 9 2 8 9 9 2 10 2
left_child=-1 2 3 6 -5 -4 7 -2 -9 -3 -11 -8 -13 -14
right_child=1 9 5 4 -6 -7 11 8 -10 10 -12 12 13 -15
leaf_value=-0.030171226368071565 -0.0090611989593536706 -0.019582522541555038 0.14510765069097004 0.1385787222780834 0.0046949554343024523 0.031774952589953213 0.04191409970888002 0.01060405068016488 0.12925269646815024 0.024836326346402648 -0.0023273863383728986 -0.0036645843338573118 -0.0069800179718273528 0.078668308289030611
leaf_weight=1488.8642725452205 3.8800822252037444 38.249155737550424 2.0746506432614114 2.7111305687046912 3.5673343031733511 8.1660556101809831 8.7865987433870583 2.2980566753728597 5.9713432328470857 19.052108768936296 256.17566697397643 131.57941642157888 5.9662464231063597 5.2153993986498728
leaf_count=1920499 3570 37850 1943 2355 3385 7581 8251 2158 4986 18261 254064 127033 5743 4993
internal_value=-0.0218099 0.00341579 0.0132292 0.0104823 0.0736044 0.0656014 0.00762913 0.0385243 0.100981 -0.00258835 0.000435188 0.00224352 -0.000316623 0.036147
internal_weight=1982.56 493.693 180.216 169.976 6.27846 10.2407 163.697 12.1495 8.2694 313.477 275.228 151.548 142.761 11.1816
internal_count=2402672 482173 171998 162474 5740 9524 156734 10714 7144 310175 272325 146020 137769 10736
cat_boundaries=0 1 2 3 4 5
cat_threshold=86846995 1 8419472 8269192 36
is_linear=0
shrinkage=0.05


Tree=9
num_leaves=15
num_cat=1
split_feature=25 2 10 5 11 9 0 16 10 17 17 9 11 17
split_gain=5.99616 8.06499 8.52813 8.33657 5.67199 4.96319 7.34006 4.44034 6.53157 4.9967 4.6977 4.09937 4.60971 4.90714
threshold=0 357.67500305175787 72.500000000000014 2.5000000000000004 21.500000000000004 516.50000000000011 451.97000122070318 2144.1655273437505 206.50000000000003 0.60094863176345836 0.15819130092859271 2471.5000000000005 27.500000000000004 1.161176383495331
decision_type=9 10 2 2 2 2 2 10 2 10 8 2 2 8
left_child=1 5 -3 -4 -5 6 7 8 9 10 -1 -2 13 -13
right_child=11 2 3 4 -6 -7 -8 -9 -10 -11 -12 12 -14 -15
leaf_value=-0.0018301700120722788 -0.022109262149796263 -0.034040457540876305 -0.014592570931427455 0.13147374209646093 -0.00053899657180932615 -0.023185993629963694 -0.023753622161293311 0.091804973232654186 -0.010934691200864689 -0.023758325362841198 0.11849985913504049 0.07857262528576188 -0.025426339601369127 -0.025877047153081853
leaf_weight=1.0749613801599549 1869.6159063608145 2.1271371066783784 1.8220362339095499 2.8566246607494792 1.0209110236265524 32.512326839274834 10.412723948570518 1.4676963585991458 7.9504657237276612 0.90393432840937737 1.9668639043811706 2.4991376667627163 3.0640594635582699 1.0708150249556636
leaf_count=1253 2318329 2560 2195 3446 1240 39352 12471 1703 9564 1113 2397 3033 3715 1298
internal_value=-0.0213759 -0.00344225 0.0405956 0.0693738 0.103732 -0.0107681 0.00646269 0.0300209 0.0158706 0.0611718 0.0860442 -0.0218519 0.0154592 0.0484359
internal_weight=1940.37 64.1157 7.82671 5.69957 3.87754 56.289 23.7766 13.3639 11.8962 3.94576 3.04183 1876.25 6.63401 3.56995
internal_count=2403669 77294 9441 6881 4686 67853 28501 16030 14327 4763 3650 2326375 8046 4331
cat_boundaries=0 1
cat_threshold=8409344
is_linear=0
shrinkage=0.05


Tree=10
num_leaves=15
num_cat=4
split_feature=5 27 25 16 2 0 4 15 0 9 9 27 25 0
split_gain=5.07714 6.85437 6.29422 12.7217 7.89204 5.09527 8.39171 6.64119 6.28402 5.22368 4.76656 8.30285 4.49545 4.41894
threshold=5.5000000000000009 0 1 1495503.6250000002 316.10499572753912 153.0299987792969 5.5000000000000009 5260569.5000000009 34.034999847412116 480.50000000000006 -52.499999999999993 2 3 48.57500076293946
decision_type=2 9 9 10 8 2 2 8 2 2 2 9 9 2
left_child=10 2 3 -2 -5 6 -3 8 -8 -10 -1 -12 -7 -4
right_child=1 5 13 4 -6 12 7 -9 9 -11 11 -13 -14 -15
leaf_value=-0.027300735328144296 -0.011510976502146495 -0.038231974957570303 0.025318492817329386 0.13477270488316795 -0.0069956260976130006 -0.028115320965694513 -0.02656895296263009 -0.031138568152424235 0.12612096660395467 0.031360883127838822 -0.0087253478915167351 -0.022285420837641522 -0.0036190858482714342 -0.025290579699278129
leaf_weight=346.41055183823642 10.680102901302698 3.237708898002837 3.6448777790265003 1.9761936871595875 1.3240634840331038 14.105960676187671 1.131924486893692 1.6473912176767367 2.690022551165002 3.9144212239185117 179.0104877248657 1005.0528991165666 119.33773053907142 205.06320048918732
leaf_count=438090 13316 4108 4486 2497 1643 17993 1418 2091 3393 4961 223918 1274801 151224 259482
internal_value=-0.0207808 -0.0154227 -0.0207261 0.010024 0.089495 -0.00547003 0.023376 0.0462675 0.064428 0.0814668 -0.0220609 -0.0205061 -0.0087588 -0.0231847
internal_weight=1899.23 368.754 222.688 13.9804 3.30026 146.065 12.6215 9.38376 7.73637 6.60444 1530.47 1184.06 133.444 208.708
internal_count=2403421 466612 281424 17456 4140 185188 15971 11863 9772 8354 1936809 1498719 169217 263968
cat_boundaries=0 1 2 3 4
cat_threshold=68684278 6304513 262485003 6128462
is_linear=0
shrinkage=0.05


Tree=11
num_leaves=15
num_cat=3
split_feature=3 3 27 25 8 25 16 9 0 6 15 5 9 16
split_gain=182.482 27.5493 10.6936 12.9416 14.0657 8.19505 6.66921 6.57756 9.72386 7.15455 12.6019 7.74112 5.77665 7.72801
threshold=29.875000000000004 29.98499965667725 0 1 1.0000000180025095e-35 2 4848044.0000000009 1628.5000000000002 698.58502197265636 1.0000000180025095e-35 192430.00000000003 6.5000000000000009 885.50000000000011 4238.6506347656259
decision_type=8 10 9 9 2 9 8 2 2 2 10 2 2 10
left_child=-1 2 5 -4 7 6 -2 8 9 11 -11 -5 -10 -14
right_child=1 -3 3 4 -6 -7 -8 -9 12 10 -12 -13 13 -15
leaf_value=-0.029684200696375836 0.048199208585633813 0.17266940728020014 -0.015636789201744727 0.048593906701832307 0.067701391420572452 -0.007809791165380899 -0.020330066415088846 -0.0034800592078296413 0.001799222330121015 0.094517632655703177 -0.016194220972785601 -0.015528592385350979 0.00083482974155842592 0.043353555992768258
leaf_weight=1379.7078714870195 13.758948445378339 1.4695321588094419 32.604654608934652 43.604630784189794 11.314054214686619 171.31106910627568 4.0490716691710977 49.462204453069717 90.612102385552134 2.1130675882450296 13.769811640784608 4.7946361973881713 19.635831722174771 22.554011220519897
leaf_count=1913862 14126 2284 33604 42910 10504 179185 4282 49349 90731 2111 13796 4667 19778 22367
internal_value=-0.020444 0.00606436 0.00519562 0.0109864 0.0148548 -0.00407302 0.0211303 0.012766 0.0168403 0.0326672 0.00326095 0.0420559 0.00899246 0.0240422
internal_weight=1860.76 481.054 479.584 290.465 257.86 189.119 17.808 246.546 197.084 64.2821 15.8829 48.3993 132.802 42.1898
internal_count=2403556 489694 487410 289817 256213 197593 18408 245709 196360 63484 15907 47577 132876 42145
cat_boundaries=0 1 2 3
cat_threshold=179622508 4953167 14495762
is_linear=0
shrinkage=0.05


Tree=12
num_leaves=15
num_cat=2
split_feature=3 27 5 17 0 0 10 0 25 10 10 10 0 17
split_gain=148.211 9.35095 7.3716 10.8428 10.1559 9.44075 7.77141 9.37079 7.77516 7.07124 8.14831 7.51187 7.68054 7.02754
threshold=29.994999885559086 0 2.5000000000000004 0.13348042964935306 328.50000000000006 138161.68750000003 -53.499999999999993 490.98500061035162 1 1744.5000000000002 1665.5000000000002 1138.5000000000002 14177461.500000002 0.065507441759109511
decision_type=8 9 2 8 2 2 2 2 9 2 2 2 2 8
left_child=-1 2 3 4 13 6 -4 8 -8 10 11 12 -7 -2
right_child=1 -3 5 -5 -6 9 7 -9 -10 -11 -12 -13 -14 -15
leaf_value=-0.028360691065864859 0.016636421056999386 -0.0024302351101780258 -0.016970911221626268 -0.011058887140791231 -0.0087316703500614958 0.05677441904127474 -0.015565582872431261 -5.2866228185175221e-05 0.039064288914941458 -0.0065076666727118277 0.13548530952835622 -0.0020689576403260519 -0.017049009352155097 0.11684319514329783
leaf_weight=1346.2121453927839 3.4991105449958275 260.96372417685689 21.672997676490922 56.704196286549291 6.2617731472136953 28.487634941430883 6.4146985604182536 40.002696484438353 27.719502901147987 8.1869747008603024 1.4256575562809093 9.4211974076819001 3.5466895054261292 3.4941062305471395
leaf_count=1921723 3236 270566 21169 55626 6254 27917 6306 39863 26657 7776 1359 8997 3481 3329
internal_value=-0.0198749 0.00404327 0.0113979 -0.00143176 0.0376393 0.0182478 0.0088269 0.0164941 0.0353354 0.0354136 0.0433832 0.0370992 0.0483324 0.075058
internal_weight=1824.01 477.801 216.837 69.9592 13.255 146.878 95.8099 74.1369 34.1342 51.0682 42.8812 41.4555 32.0343 6.99322
internal_count=2404259 482536 211970 68445 12819 143525 93995 72826 32963 49530 41754 40395 31398 6565
cat_boundaries=0 1 2
cat_threshold=88952338 971880
is_linear=0
shrinkage=0.05


Tree=13
num_leaves=15
num_cat=3
split_feature=25 27 9 11 17 0 0 9 11 9 4 27 11 16
split_gain=6.85603 10.1898 5.89801 6.97275 7.74523 4.22318 3.82736 7.2558 8.92975 6.71294 3.80373 11.917 6.55447 7.58413
threshold=0 1 1923.5000000000002 2.5000000000000004 1.0467408895492556 146.49500274658206 405.57499694824224 671.50000000000011 12.500000000000002 324.50000000000006 20.500000000000004 2 10.500000000000002 685834.12500000012
decision_type=9 9 2 2 10 2 2 2 2 2 2 9 2 10
left_child=1 2 3 -1 5 -5 9 -8 -9 -7 -2 12 -12 -14
right_child=10 -3 -4 4 -6 6 7 8 -10 -11 11 -13 13 -15
leaf_value=-0.02651823862004948 -0.02042231763584397 -0.014843570790966657 -0.035865935830863192 -0.031205887258587778 0.12444933739762594 0.14723405257660588 -0.011276044046925299 0.11477523116672331 0.0033799099216829335 0.0067760623705843907 -0.002941466364242818 -0.016313492288541398 0.019860198788956007 0.11261126518023681
leaf_weight=3.2531097406716531 1503.2493930853682 44.415491662279351 2.5305699509312154 1.6568683838962641 1.8657283104761955 1.0278373269101466 6.7400821123021526 2.6406679984647776 3.6806729985423758 1.6408304317065838 7.4939303003470643 198.05616348206127 6.1537748897797266 2.9965490998738273
leaf_count=4284 2023737 58147 3366 2168 2423 1337 8807 3417 4861 2188 10097 266377 8305 4014
internal_value=-0.0188375 -0.00155852 0.0193465 0.0350469 0.0462452 0.0315415 0.039621 0.0246349 0.0592349 0.0862605 -0.0194127 -0.0131817 0.0205159 0.0583363
internal_weight=1787.4 69.4519 25.0364 22.5058 19.2527 17.387 15.7301 13.0614 6.32134 2.66867 1717.95 214.7 16.6443 9.15032
internal_count=2403528 90998 32851 29485 25201 22778 20610 17085 8278 3525 2312530 288793 22416 12319
cat_boundaries=0 1 2 3
cat_threshold=20800 10701102 29401088
is_linear=0
shrinkage=0.05


Tree=14
num_leaves=15
num_cat=3
split_feature=3 27 25 17 18 11 10 2 25 17 2 2 10 9
split_gain=148.526 11.7228 11.1063 6.70617 5.70391 5.63126 6.41701 7.0367 5.59565 7.63518 10.3946 7.08809 6.49411 10.1132
threshold=29.994999885559086 0 1 27.221646308898929 1.5000000000000002 38.500000000000007 2195.5000000000005 485.81500244140631 2 0.22413311898708346 116.07500076293947 256.47500610351568 -319.49999999999994 -218.49999999999997
decision_type=8 9 9 10 2 2 2 8 9 8 8 8 2 2
left_child=3 4 -3 -1 -2 6 8 -8 9 10 -4 -11 13 -10
right_child=1 2 5 -5 -6 -7 7 -9 12 11 -12 -13 -14 -15
leaf_value=-0.027185578963245034 -0.0057803460435515742 -0.016816129590692033 -0.027800331877522472 0.028016421401308951 0.070518049047986905 -0.014418865320243075 -0.029419582195453278 0.075005953685565535 -0.01928648051398511 0.10220846367173837 0.1084730271051859 0.0036612495984853764 0.0080946783732982492 0.045326622123887883
leaf_weight=1279.2058459686834 171.81768697573952 23.620486144673976 1.2492223520445878 4.7659779358655205 1.488665691138009 14.436684063360074 1.4260789732014023 7.3962560815553307 7.1278205865461279 1.2989992573221836 7.5159247714538848 9.2401442381874173 196.78162695023769 26.784658563860837
leaf_count=1914176 185393 24607 1191 7153 1591 14203 1467 6743 7036 1201 6514 8782 197309 26334
internal_value=-0.0181603 0.00587345 0.0116635 -0.026959 -0.00446783 0.0146807 0.0169182 0.0568495 0.0152881 0.0374101 0.0881931 0.0236126 0.0111861 0.0315826
internal_weight=1754.16 470.184 296.878 1283.97 173.306 273.257 258.821 8.82234 249.998 19.3043 8.76515 10.5391 230.694 33.9125
internal_count=2403700 482371 295387 1921329 186984 270780 256577 8210 248367 17688 7705 9983 230679 33370
cat_boundaries=0 1 2 3
cat_threshold=43423085 10093635 4528528
is_linear=0
shrinkage=0.05


Tree=15
num_leaves=15
num_cat=1
split_feature=3 3 27 6 17 17 8 17 11 10 17 9 10 17
split_gain=135.581 30.9316 9.35224 9.1737 13.0101 10.3536 13.3116 8.75598 10.8896 7.9619 9.87563 12.3817 6.95705 9.96741
threshold=29.875000000000004 29.98499965667725 0 1.0000000180025095e-35 3.290366649627686 0.54059982299804699 1.0000000180025095e-35 0.14417608082294467 38.500000000000007 -445.49999999999994 0.16677957773208621 -140.49999999999997 230.50000000000003 0.031512910500168807
decision_type=8 10 9 2 8 8 2 8 2 2 10 2 2 10
left_child=-1 2 7 4 9 -5 -7 8 -2 10 -4 -12 13 -11
right_child=1 -3 3 5 -6 6 -8 -9 -10 12 11 -13 -14 -15
leaf_value=-0.026137701681661588 -0.03606124088496402 0.17501625254346831 -0.0084305020848024197 -0.024044549880409976 -0.013664643242417576 0.0038686093468801664 0.11212981071394064 0.00021215051045657312 0.063819038472405928 0.089035967940420846 -0.013068101552868966 0.096953945261579078 0.021416063363132003 -0.0070283188812645661
leaf_weight=1244.0396852986341 31.179414269397967 1.6658375771593785 5.0074116476461681 37.455187451967504 34.729970257205423 37.0213887761347 2.0832181510631917 132.30878684954951 2.0741740040248251 1.87622536311403 3.0572839179076281 9.8841583402827329 137.52476223185658 43.164357153582387
leaf_count=1914262 33894 2267 4704 37952 35054 37591 1866 140878 2175 1809 3028 9383 135758 43437
internal_value=-0.0174401 0.00515482 0.00419744 0.00911969 0.014289 -0.00556767 0.0122881 -0.005301 -0.02815 0.0191745 0.0502192 0.0718893 0.0158654 -0.00117969
internal_weight=1723.07 479.032 477.366 311.804 235.244 76.5598 39.1046 165.562 33.2536 200.514 17.9489 12.9414 182.565 45.0406
internal_count=2404058 489796 487529 310582 233173 77409 39457 176947 36069 198119 17115 12411 181004 45246
cat_boundaries=0 1
cat_threshold=43293132
is_linear=0
shrinkage=0.05


Tree=16
num_leaves=15
num_cat=5
split_feature=3 25 10 28 17 15 27 17 15 27 0 27 2 15
split_gain=123.9 6.3265 6.38974 7.44391 9.45665 7.49903 7.78664 7.05487 8.92962 7.50101 10.5584 7.0332 6.54545 8.62083
threshold=29.994999885559086 0 -319.49999999999994 1 1.2245379686355593 581275.50000000012 2 1.9150199890136721 659763.50000000012 3 9005.7954101562518 4 4613.9650878906259 636969.00000000012
decision_type=8 9 2 9 10 10 9 10 10 9 2 9 10 10
left_child=-1 -2 12 5 -5 11 -7 -8 -9 10 -10 -4 -3 -14
right_child=1 2 3 4 -6 6 7 8 9 -11 -12 -13 13 -15
leaf_value=-0.02591414174593288 -0.016135896800141422 0.015917412462688303 0.011069711354113547 -0.01609684212467315 0.011166763164166498 -0.010101079617572435 0.023275227713501156 0.097805271121803317 -0.0061471131626177136 -0.021578097611473758 0.10398441597653976 -0.017935797759729307 -0.025064753283668376 0.12288069241991109
leaf_weight=1218.0257035758113 25.876380551597471 58.876828278546441 29.093952128114829 87.359759065982587 48.824136947595775 26.563309751480833 129.92137753821717 1.0293453836745516 4.6955266308984003 20.629995077515545 2.8955000127326329 35.725203294642206 1.0031403488048165 2.1807477372162394
leaf_count=1921389 28077 57816 29402 89754 49921 28443 129437 1032 4769 21243 2770 36183 1000 2191
internal_value=-0.0174751 0.00418847 0.00562721 0.00333642 -0.00588338 0.00825678 0.0136762 0.017237 -0.0037677 -0.0106928 0.0199053 -0.00598952 0.0205156 0.0814181
internal_weight=1692.7 474.675 448.799 386.738 136.184 250.554 185.735 159.172 29.2504 28.221 7.59103 64.8192 62.0607 3.18389
internal_count=2403427 482038 453961 392954 139675 253279 187694 159251 29814 28782 7539 65585 61007 3191
cat_boundaries=0 1 2 3 4 5
cat_threshold=197669 197 45128704 156041744 70820134
is_linear=0
shrinkage=0.05


Tree=17
num_leaves=15
num_cat=4
split_feature=3 3 27 25 8 20 16 16 4 11 9 1 9 27
split_gain=107.328 16.308 9.44626 8.10902 8.17438 14.4282 12.504 8.34803 7.00782 6.72364 5.6409 5.51335 8.13954 5.68502
threshold=29.875000000000004 29.98499965667725 0 1 1.0000000180025095e-35 2 512303.23437500006 1152.333923339844 12.500000000000002 59.500000000000007 1505.5000000000002 6.5504875183105478 589.50000000000011 3
decision_type=8 10 9 9 2 1 8 10 2 2 2 2 2 9
left_child=9 2 -2 -4 11 6 -6 -7 -3 -1 -11 -5 -13 -14
right_child=1 8 3 4 5 7 -8 -9 -10 10 -12 12 13 -15
leaf_value=-0.025087730588120527 -0.0063334067299574198 0.17264731963983998 -0.012920207855812367 0.018295040790894345 0.201547783900724 0.076601855562014057 0.018668235641537068 -0.0098174598091459956 0.0024498134014376482 0.05827491788997019 -0.032728573232753959 -0.0098953405829070792 -0.0048481057204480859 0.020869215352084775
leaf_weight=1175.6762022108314 183.45237469213313 1.0206701467478247 33.45438068540534 95.566220326931102 1.3848921905737355 2.9480104083777396 1.910855781054124 8.9421267103753035 0.90481768886234393 3.6168432104750528 1.8915716821793465 67.486051732033957 32.153094618057416 53.868281578761476
leaf_count=1905581 191482 1270 34953 93762 1160 2558 1621 8186 1028 5865 3066 68107 33569 51961
internal_value=-0.0167088 0.00314193 0.00242127 0.00777094 0.010802 0.0457083 0.124544 0.0158896 0.120845 -0.0248233 0.0267975 0.00893149 0.00302152 0.0131524
internal_weight=1664.28 483.092 481.166 297.714 264.26 15.1859 3.29575 11.8901 1.92549 1181.18 5.50841 249.074 153.507 86.0214
internal_count=2404169 489657 487359 295877 260924 13525 2781 10744 2298 1914512 8931 247399 153637 85530
cat_boundaries=0 1 2 3 4
cat_threshold=53756 6194269 1 68289024
is_linear=0
shrinkage=0.05


Tree=18
num_leaves=15
num_cat=3
split_feature=25 27 2 2 15 4 16 11 2 11 10 11 27 10
split_gain=8.77492 11.0881 7.27631 7.60212 7.13031 7.5136 15.0016 8.10943 11.7771 8.7829 7.02917 12.5474 10.6756 7.19116
threshold=0 1 1022.404998779297 1314.4700317382815 937541.00000000012 13.500000000000002 2290.6997070312505 23.500000000000004 126.75500106811525 3.5000000000000004 1585.5000000000002 21.500000000000004 2 1711.5000000000002
decision_type=9 9 10 8 10 2 10 2 8 2 2 2 9 2
left_child=1 4 -2 10 -1 -6 -7 8 -8 -10 12 13 -4 -12
right_child=2 -3 3 -5 5 6 7 -9 9 -11 11 -13 -14 -15
leaf_value=-0.006763889559037381 -0.018673695928055567 -0.014049228003464899 0.03376793975541189 -0.01239047180023972 0.010827557444009182 -0.0064916724840034488 -0.006148753977309275 -0.0062837059695982442 0.0041643594789894378 0.18429602159824879 0.08000263692802051 0.13727437171825765 -0.01792952724650225 -0.03758027667625518
leaf_weight=16.332084964552404 1266.4471788980372 59.865907623914453 4.5171245912790488 238.06950136545788 16.251447694687819 4.7415962709820674 1.279251721956254 1.2862944619981904 0.8455784899969333 3.694253080861218 0.9227773427264746 1.936481876801815 17.043754451621606 3.0169045501223017
leaf_count=23139 1868244 85003 6666 347883 22803 6546 1770 1787 1156 4988 1350 2795 24902 4386
internal_value=-0.0160769 -0.00103115 -0.0169823 -0.00951211 0.0158166 0.0341584 0.0628291 0.104182 0.125941 0.157553 0.0150207 0.0590409 0.000938353 0.000581186
internal_weight=1636.25 104.296 1531.95 265.507 44.4305 28.0984 11.847 7.10538 5.81908 4.53983 27.437 5.87616 21.5609 3.93968
internal_count=2403418 147192 2256226 387982 62189 39050 16247 9701 7914 6144 40099 8531 31568 5736
cat_boundaries=0 1 2 3
cat_threshold=8409537 78096446 25182784
is_linear=0
shrinkage=0.05


Tree=19
num_leaves=15
num_cat=5
split_feature=3 28 21 17 25 27 0 9 16 27 15 5 15 4
split_gain=124.285 9.07115 11.0755 10.8037 9.94731 9.48344 16.7355 11.792 17.4301 9.24355 8.70089 7.25808 11.6369 13.2123
threshold=29.994999885559086 0 1 0.031512910500168807 2 3 1525268.3750000002 601.50000000000011 2343.533325195313 4 4022545.0000000005 2.5000000000000004 592016.50000000012 18.500000000000004
decision_type=8 9 1 8 9 9 2 2 10 9 10 2 8 2
left_child=-1 4 5 -4 -2 6 7 8 -3 -6 -8 -11 -13 -14
right_child=1 2 3 -5 9 -7 10 -9 -10 11 -12 12 13 -15
leaf_value=-0.023938905435790053 -0.013300254735740992 0.113321961580372 0.071189364924314533 -0.015851188436331515 -0.0067070203624157044 -0.008800960230806544 0.12272242751871557 -0.016469930678859903 -0.010313851754343475 0.0062474759689948815 -0.0083487256995029898 4.5128157709448039e-05 0.040691320174055745 0.00090050330964915536
leaf_weight=1139.2472644918016 29.835199469500356 4.8152901834913768 2.7120861163256085 105.73310786988368 42.080797602138112 24.16578938101523 5.9458904736319527 12.402550868970561 5.2930543251041984 75.378943397396995 1.3993085130816192 35.929610831221346 98.181458837303111 26.476959147856675
leaf_count=1921009 33325 5001 2817 109724 45815 24753 6232 12847 5646 75432 1513 35749 97332 25744
internal_value=-0.0150176 0.00659582 -0.00306305 -0.0119518 0.0114157 0.0137838 0.0295119 0.0158801 0.0534818 0.014473 0.0997442 0.0183806 0.0251394 0.0323143
internal_weight=1609.6 470.35 162.467 108.445 307.883 54.0219 29.8561 22.5109 10.1083 278.048 7.3452 235.967 160.588 124.658
internal_count=2402939 481930 168533 112541 313397 55992 31239 23494 10647 280072 7745 234257 158825 123076
cat_boundaries=0 1 2 3 4 5
cat_threshold=193 5 1213505 90360276 33593672
is_linear=0
shrinkage=0.05


Tree=20
num_leaves=15
num_cat=1
split_feature=3 3 27 15 2 2 0 4 15 15 15 2 2 0
split_gain=104.906 18.7773 11.2778 7.76825 6.74316 7.83982 6.69735 5.59732 11.8104 12.0092 9.9817 6.00622 5.20301 9.32279
threshold=29.875000000000004 29.98499965667725 0 1190300.0000000002 1933.9500122070315 7716.6149902343759 12881779.000000002 8.5000000000000018 1144574.5000000002 2686422.0000000005 784599.00000000012 5055.1950683593759 319.50999450683599 83888.722656250015
decision_type=8 10 9 10 10 10 2 2 8 10 10 10 8 2
left_child=-1 2 4 -3 12 6 7 8 -6 -10 -9 -12 13 -2
right_child=1 3 -4 -5 5 -7 -8 10 9 -11 11 -13 -14 -15
leaf_value=-0.023610861405217187 -0.008725364870004599 0.0021531270282347296 -0.0035879261338130188 0.17795256347358432 0.0019225386749940133 -0.021488629759268213 0.0071719668940167765 0.10038479792075267 0.22181583736502525 0.026981569525270789 -0.031876184234987948 0.066958154220137456 0.0052665675663733256 0.04747725166184813
leaf_weight=1106.1966000439713 11.100416175730063 0.91551742004309655 258.05854451761093 1.1928572876382806 1.8869035452371523 4.2532430149149141 6.8645818639197378 2.6563065673108195 1.5749473344767468 1.596882175421342 4.503776260651648 1.13696081796661 165.30903604871128 19.507056706934236
leaf_count=1913282 11339 1010 272717 1300 1733 4134 6533 2447 1433 1475 4125 1015 162037 19108
internal_value=-0.0151434 0.00435647 0.00355312 0.126867 0.0115342 0.0363116 0.0489093 0.0683674 0.106752 0.153705 0.0359991 -0.00487181 0.00885612 0.0274631
internal_weight=1586.75 480.557 478.449 2.10837 220.39 24.4736 20.2204 13.3558 5.05873 3.17183 8.29704 5.64074 195.917 30.6075
internal_count=2403688 490406 488096 2310 215379 22895 18761 12228 4641 2908 7587 5140 192484 30447
cat_boundaries=0 1
cat_threshold=224226322
is_linear=0
shrinkage=0.05


Tree=21
num_leaves=15
num_cat=3
split_feature=3 3 27 25 16 16 2 25 17 15 1 15 15 15
split_gain=90.7786 38.0164 12.1357 8.34328 8.93197 10.6126 10.0041 8.067 6.52454 9.3882 9.9988 7.99857 12.1092 7.16085
threshold=29.875000000000004 29.994999885559086 0 1 624762.06250000012 916.64404296875011 390.05000305175787 2 1.2013623714447024 2220592.0000000005 7.5557613372802743 503788.00000000006 1219981.0000000002 2142898.5000000005
decision_type=8 10 9 9 8 10 8 9 10 10 2 10 10 8
left_child=-1 2 7 4 5 -4 -7 -2 -5 10 11 -10 -13 -12
right_child=1 -3 3 8 -6 6 -8 -9 9 -11 13 12 -14 -15
leaf_value=-0.022662327300149353 -0.017272456375167115 0.21835283104058578 -0.002758850367940852 -0.010678805270936708 -0.011473546806407208 -0.0096839341566105578 0.095244088525856863 0.017673130458457278 -0.0062619126476573198 -0.014345038421976512 0.0050621413607380575 0.15661277670179127 0.0084605874886535589 0.10255650846154372
leaf_weight=1080.6368519688247 11.898688273970036 1.0489634360544631 7.4592231223359766 208.55592086754041 10.666111672238911 2.7172125230426873 8.9797703750082292 135.91805262223352 2.4268312844797029 36.814004922111053 48.900097060657572 2.6293549139518291 2.4190963701694272 0.96617720497306336
leaf_count=1913697 12421 1689 7553 221758 10808 2804 8499 125217 2544 39467 50613 2714 2520 1010
internal_value=-0.0146234 0.00343196 0.00250998 -0.00288998 0.0185518 0.0442136 0.0720263 0.0138586 -0.0055788 0.00512503 0.0176567 0.0679473 0.0987577 0.00893019
internal_weight=1562.04 481.4 480.351 332.534 29.8223 19.1562 11.697 147.817 302.711 94.1556 57.3416 7.47528 5.04845 49.8663
internal_count=2403314 489617 487928 350290 29664 18856 11303 137638 320626 98868 59401 7778 5234 51623
cat_boundaries=0 1 2 3
cat_threshold=225255442 10508334 4424781
is_linear=0
shrinkage=0.05


Tree=22
num_leaves=15
num_cat=5
split_feature=3 3 27 22 25 11 25 28 17 17 10 11 4 16
split_gain=105.348 18.7751 7.97351 7.63777 8.13619 8.18114 7.43244 7.22352 14.7638 13.9101 12.5255 8.4811 7.62913 6.35812
threshold=29.994999885559086 30.345000267028812 0 1 2 48.500000000000007 3 4 0.077962860465049758 0.24726838618516925 619.50000000000011 19.500000000000004 16.500000000000004 459.24124145507818
decision_type=8 8 9 1 9 2 9 9 8 8 2 2 2 8
left_child=-1 -2 6 -4 -5 7 -3 8 -6 -10 12 -12 13 -11
right_child=1 2 3 4 5 -7 -8 -9 9 10 11 -13 -14 -15
leaf_value=-0.022108025477644087 0.15054147024231554 0.02280728989709653 -0.021629766183781037 -0.01160961590258427 -0.038632579979152148 -0.042309754162539376 -0.0096863827575026026 0.010873599147115828 0.11740145918322797 -0.0018456023921341646 -0.036435177886956695 0.06206509813285474 -0.0021893353915122655 0.13051268166557653
leaf_weight=1062.7638140922043 1.2427801073063722 10.281672223118594 10.130938052364803 30.63817825293976 3.3815144804160693 5.4650646322440357 112.89828242209295 279.52573937683724 7.3606184316545793 1.0754870075058476 6.3465036533458878 2.1221556682954184 2.1349574099641409 3.9846110402014614
leaf_count=1921466 347 10278 10280 32438 3136 5404 124608 273935 6798 1050 6018 2012 2038 3815
internal_value=-0.0133551 0.0061689 0.00547619 0.00915095 0.0107082 0.0132252 -0.00532679 0.0147828 0.0368457 0.0644145 0.033964 -0.00780409 0.0780789 0.106718
internal_weight=1539.35 476.589 475.346 352.166 342.035 311.397 123.18 305.932 26.4058 23.0243 15.6637 8.46866 7.19506 5.0601
internal_count=2403623 482157 481810 346924 336644 304206 134886 298802 24867 21731 14933 8030 6903 4865
cat_boundaries=0 1 2 3 4 5
cat_threshold=143954761 1 4400143 8399006 128
is_linear=0
shrinkage=0.05


Tree=23
num_leaves=15
num_cat=2
split_feature=4 27 25 10 0 7 0 2 0 15 17 16 0 15
split_gain=6.7313 10.3565 11.6838 9.33386 12.7606 12.2961 8.2295 7.34553 7.07209 7.06608 17.0051 8.80543 6.61244 8.26884
threshold=16.500000000000004 0 1 1126.5000000000002 289.44500732421881 1.0000000180025095e-35 138161.68750000003 6767.2500000000009 270.09500122070318 4322085.0000000009 0.25147619843482977 1112.3228759765627 1525268.3750000002 4386551.5000000009
decision_type=2 9 9 2 2 2 2 10 2 10 10 8 2 8
left_child=-1 6 9 -4 5 8 -2 12 -5 11 -11 -3 -8 -14
right_child=1 2 3 4 -6 -7 7 -9 -10 10 -12 -13 13 -15
leaf_value=-0.014732063123024495 -0.0016463565625219135 0.068144931981207704 -0.021444196299266603 -0.0018762438845192503 -0.010684617517028615 0.10685040528960098 0.023589470509065482 -0.037167963165698606 0.098203277212225604 0.17405843808379787 -0.01619808555634826 -0.010183178890912296 0.11723264270471878 -0.024347250710438677
leaf_weight=1075.40252208882 88.898638742467682 4.0772266219324846 193.12231581115236 13.535466214980628 96.840166898441112 3.4620372298440989 20.052995327204425 2.8885189355815646 1.0239935367152124 1.4544488494685242 1.9562431815257941 11.546380137559238 3.4839875269923888 0.94775117744487891
leaf_count=1703573 141163 6246 306700 20903 153119 5299 31042 4499 1577 2109 2960 17379 5245 1452
internal_value=-0.0125931 -0.00738261 -0.0117223 -0.0142951 -0.00342757 0.0340805 0.0053613 0.0292652 0.0110216 0.0198958 0.0860028 0.0131274 0.0382533 0.0880468
internal_weight=1518.69 443.29 327.018 307.984 114.862 18.0215 116.272 27.3733 14.5595 19.0343 3.41069 15.6236 24.4847 4.43174
internal_count=2403266 699693 516292 487598 180898 27779 183401 42238 22480 28694 5069 23625 37739 6697
cat_boundaries=0 1 2
cat_threshold=197175936 2445313
is_linear=0
shrinkage=0.05


Tree=24
num_leaves=15
num_cat=4
split_feature=3 3 17 25 28 27 10 2 15 2 27 10 7 15
split_gain=95.6235 35.7024 7.41895 6.90547 8.58816 9.4468 11.9678 9.90011 13.3105 10.4459 8.97885 7.8873 5.85378 8.22316
threshold=29.994999885559086 30.345000267028812 27.221646308898929 0 1 2 -564.49999999999989 1253.8599853515627 2617564.0000000005 4529.6799316406259 3 1195.5000000000002 1.0000000180025095e-35 614637.00000000012
decision_type=8 8 10 9 9 9 2 10 10 8 9 2 2 8
left_child=2 -2 -1 -3 10 6 -6 -8 9 11 -5 -9 -12 -14
right_child=1 3 -4 4 5 -7 7 8 -10 -11 12 -13 13 -15
leaf_value=-0.021526917614218814 0.19728083132466961 -0.014814215839105686 0.040414099811659498 -0.0050105961178422542 0.11968879691368471 -0.010491403839598934 -0.0063208133239582315 0.18675973538989299 -0.034322292435158351 0.0010389748584616503 0.012343583455707172 0.017945580722311387 -0.0064270833457764805 0.043220436928710151
leaf_weight=1021.8110581301153 1.4251790696288242 31.588952103160963 3.9758584541268638 65.615531938276149 1.9459161573322266 109.0937389560608 19.582369030731847 1.9561395831600965 2.1824306567448595 1.9369069011442457 190.51840582062124 1.2066920980107261 10.462544910530267 35.988093221722565
leaf_count=1913472 350 34959 7074 70916 1754 115550 19966 1872 2277 1866 186860 1144 10355 34410
internal_value=-0.012675 0.00590234 -0.0212477 0.00490879 0.00654094 -0.00370671 0.0177845 0.0127551 0.0586213 0.0975025 0.0111775 0.142136 0.0156834 0.032138
internal_weight=1499.29 473.503 1025.79 472.078 440.489 137.904 28.8105 26.8645 7.28217 5.09974 302.585 3.16283 236.969 46.4506
internal_count=2402825 482279 1920546 481929 446970 144429 28879 27125 7159 4882 302541 3016 231625 44765
cat_boundaries=0 1 2 3 4
cat_threshold=3539977 209 50875648 33593792
is_linear=0
shrinkage=0.05


Tree=25
num_leaves=15
num_cat=3
split_feature=3 3 25 28 27 0 0 9 9 9 9 0 0 15
split_gain=63.0374 9.82241 8.09073 8.51436 10.8202 8.07539 11.7523 16.8801 9.95181 7.42857 7.41968 6.63507 11.1198 6.56523
threshold=29.994999885559086 inf 0 1 2 270.09500122070318 302.22500610351568 468.50000000000006 756.50000000000011 1110.5000000000002 25.500000000000004 367.40499877929693 956.52999877929699 192430.00000000003
decision_type=8 8 9 9 9 2 2 2 2 2 2 2 2 10
left_child=-1 -2 -3 4 -4 13 7 -7 10 -10 -8 -11 -13 -6
right_child=1 2 3 -5 5 6 8 -9 9 11 -12 12 -14 -15
leaf_value=-0.019596739261751289 0.09740252005588157 -0.015495403694312324 -0.01090493983896116 -0.00039639878766833118 0.059875269630945221 0.20511589903922861 0.031276674654427572 0.0023515941550332578 0.08696385564258903 0.097103772365533525 -0.015221401851514136 -0.035286324145165908 0.04097501773519896 -0.0086078516873319671
leaf_weight=1004.6028891138832 1.7107085925518299 48.346971410268452 27.332605973817408 304.19560822774645 3.0939678893191056 1.35155323264189 16.214102781552356 1.8632022875244727 8.1231368079315853 2.398054889112248 16.22593200643314 5.7750152974622351 16.028005525295157 23.125270418124273
leaf_count=1921287 1635 53179 27878 312137 2862 1185 15360 1693 7517 2226 15196 5447 15274 20201
internal_value=-0.012502 0.00248792 0.00194112 0.00421724 0.0148397 0.022669 0.0340288 0.116039 0.0282555 0.0474731 0.00825947 0.0312932 0.0201139 0.00137626
internal_weight=1480.39 475.784 474.073 425.726 121.531 94.1982 67.979 3.21476 64.7642 32.3242 32.44 24.2011 21.803 26.2192
internal_count=2403077 481790 480155 426976 114839 86961 63898 2878 61020 30464 30556 22947 20721 23063
cat_boundaries=0 1 2 3
cat_threshold=5965327 192 177265928
is_linear=0
shrinkage=0.05


Tree=26
num_leaves=15
num_cat=1
split_feature=3 3 11 3 10 11 5 11 10 3 10 28 0 15
split_gain=82.7425 11.9159 5.73255 6.95366 5.63553 5.82781 7.6994 8.48116 5.44915 5.44222 5.64437 5.35829 8.46459 8.87348
threshold=29.994999885559086 30.345000267028812 58.500000000000007 11.765000343322756 2239.5000000000005 17.500000000000004 4.5000000000000009 11.500000000000002 2346.5000000000005 25.454999923706058 324.50000000000006 0 223.86499786376956 4201209.5000000009
decision_type=8 8 2 10 2 2 2 2 2 10 2 9 2 10
left_child=2 -2 4 -4 -1 6 -6 -8 -9 10 -5 12 -3 -14
right_child=1 11 3 9 5 -7 7 8 -10 -11 -12 -13 13 -15
leaf_value=-0.02124354331284635 0.10666385233695715 -0.01720244386122852 -0.034080811423575073 -0.018604086513367143 -0.0039307800359173152 -0.013927296594956774 -0.0081508297340964885 0.18283017049351669 0.008367910371578682 -0.023445992803829349 0.12511366647303718 0.0021462745877865795 0.018553748719244516 0.074254794147434397
leaf_weight=952.71497815620546 1.8690182799473394 11.177072365924472 2.1372527485364108 0.59205706958891902 5.5088618770241755 18.39206688455306 1.3886718414723875 0.93263578490586929 0.71295415528584272 0.88203241495648388 1.8550034349900668 419.11141074314253 36.89780971153661 8.2516066873280405
leaf_count=1858668 342 10688 3988 1105 10743 35744 2691 1811 1382 1625 3462 426538 36446 8137
internal_value=-0.0120412 0.0050382 -0.0203132 0.0273006 -0.0206065 0.00188094 0.0338069 0.0863128 0.138978 0.0654768 0.095032 0.00441565 0.0175361 0.0301222
internal_weight=1462.42 477.307 985.117 5.46635 979.65 26.9352 8.54312 3.03426 1.64559 3.32909 2.44706 475.438 56.3265 45.1494
internal_count=2403370 482151 1921219 10180 1911039 52371 16627 5884 3193 6192 4567 481809 55271 44583
cat_boundaries=0 1
cat_threshold=132
is_linear=0
shrinkage=0.05


Tree=27
num_leaves=15
num_cat=2
split_feature=3 3 25 16 15 15 4 10 10 0 11 9 28 10
split_gain=87.4412 18.4172 9.57989 9.68185 9.8341 7.64051 9.98011 12.2547 13.4249 9.13621 8.39069 7.95606 6.30837 12.9293
threshold=29.414999961853031 29.994999885559086 0 916.64404296875011 211587.00000000003 1024790.5000000001 11.500000000000002 -111.49999999999999 1928.5000000000002 903261.18750000012 14.500000000000002 1038.5000000000002 1 -319.49999999999994
decision_type=8 10 9 10 8 10 2 2 2 2 2 2 9 2
left_child=-1 2 3 4 -2 11 -7 -8 9 10 -9 -5 13 -4
right_child=1 -3 12 5 -6 6 7 8 -10 -11 -12 -13 -14 -15
leaf_value=-0.020228979809625337 0.096604922192908949 0.12709114477286398 0.040936672604819667 0.037426895251158547 -0.020297169867721586 0.020041433756753872 -0.0090243186699972278 0.19662824042796559 -0.027924386709031496 0.018130746559858163 0.063541483645708718 -0.03446344939037585 -0.003035729412430405 0.0038028775510490381
leaf_weight=945.4320460630131 1.0459318145876721 2.1020200568910345 26.476560586190317 8.7161886215326358 14.124217048170976 11.839227532997031 2.6561577370448513 3.8644986696308425 1.2613662407384261 1.9335705735720692 3.4015662352321669 5.4170245213899753 255.95380461320744 161.48606180079511
leaf_count=1885575 1020 1669 26829 7676 13686 10563 2102 3023 1093 1547 2685 5173 268517 174133
internal_value=-0.0112912 0.00560618 0.00484001 0.0227354 -0.00676133 0.0397369 0.0558838 0.0845231 0.106991 0.126413 0.149549 0.00941598 0.00204942 0.008759
internal_weight=1445.71 500.278 498.176 54.2597 15.1701 39.0896 24.9564 13.1172 10.461 9.19964 7.26606 14.1332 443.916 187.963
internal_count=2405291 519716 518047 48568 14706 33862 21013 10450 8348 7255 5708 12849 469479 200962
cat_boundaries=0 1 2
cat_threshold=8681936 150
is_linear=0
shrinkage=0.05


Tree=28
num_leaves=15
num_cat=4
split_feature=3 3 27 15 2 11 27 2 15 25 27 17 10 10
split_gain=75.1774 11.9858 8.66762 8.83515 11.6112 25.3401 10.7464 10.5894 9.40828 8.02721 10.5577 10.7999 7.9207 18.7651
threshold=29.314999580383304 29.994999885559086 0 2860086.5000000005 4368.0849609375009 4.5000000000000009 1 7128.9399414062509 1190300.0000000002 2 3 0.24726838618516925 1802.5000000000002 1665.5000000000002
decision_type=8 10 9 8 10 2 9 8 10 9 9 10 2 2
left_child=9 2 -2 4 12 -6 -5 8 -7 10 11 -1 13 -4
right_child=1 -3 3 6 5 7 -8 -9 -10 -11 -12 -13 -14 -15
leaf_value=-0.0032885235633239862 -0.0052923207342046134 0.09720255597753219 0.010633279466199646 -0.015425368541620266 0.18986700622238081 0.0031067873161635716 0.014556615763479689 -0.032253503927228117 0.11766192610535982 -0.021750663278086398 -0.013788702633843977 0.067447177140655998 -0.013490392203228362 0.080274693431374722
leaf_weight=10.76856201773626 194.56692644866411 2.390895552946346 156.37133528411505 62.66364471995621 1.9178551161894564 3.7037305979756612 40.084393312834436 4.6216649166017314 2.5777715277508833 848.45951466751296 53.859364188625491 9.6409826857852732 27.719791351642925 9.3588810532819462
leaf_count=21344 208555 1664 160116 66815 1883 3581 39367 4729 2442 1730176 107353 18976 27842 9235
internal_value=-0.0119846 0.00350067 0.00286404 0.00791541 0.0141156 0.058481 -0.00378487 0.0213609 0.0598202 -0.0204705 -0.00252523 0.0216177 0.0108896 0.0150238
internal_weight=1428.71 505.977 503.586 309.019 206.271 12.821 102.748 10.9032 6.2815 922.728 74.2689 20.4095 193.45 165.73
internal_count=2404078 526229 524565 316010 209828 12635 106182 10752 6023 1877849 147673 40320 197193 169351
cat_boundaries=0 1 2 3 4
cat_threshold=67157700 141705506 676165 77601538
is_linear=0
shrinkage=0.05


Tree=29
num_leaves=15
num_cat=3
split_feature=3 3 11 17 25 27 15 17 11 11 1 15 27 9
split_gain=73.0622 13.9307 7.76839 7.58743 7.02286 5.98931 9.55571 7.3962 6.6569 5.70672 5.98764 7.29792 8.42295 6.89239
threshold=29.994999885559086 30.345000267028812 58.500000000000007 27.221646308898929 0 1 2860086.5000000005 0.10271257907152177 48.500000000000007 45.500000000000007 5.9254717826843271 404626.00000000006 2 -828.49999999999989
decision_type=8 8 2 10 9 9 10 8 2 2 2 10 9 2
left_child=2 -2 3 -1 -3 6 7 -6 9 10 -7 -12 -13 -14
right_child=1 4 -4 -5 5 8 -8 -9 -10 -11 11 12 13 -15
leaf_value=-0.020068914446088805 0.10261837826912042 -0.016836990119564639 0.036114260279818351 0.043538573229333161 -0.028771805759779102 0.022662685107575006 -0.023964119012230094 0.010286604811752104 -0.04198722044431611 0.077871474862759291 -0.011539743018433069 -0.0052276887281107924 0.097485685813715972 0.016187783083070721
leaf_weight=918.70295872617726 2.5970240198076331 28.162071748571435 5.3851885287731411 3.8097478737472548 13.102922773272446 68.444948678737745 39.258690922191676 86.01399210575731 5.2074736794145329 2.1272604456177069 47.038196798896251 61.51982140918232 1.7114834385223208 128.07127523264711
leaf_count=1903668 341 32295 10166 7064 14351 62611 43427 90093 5332 2072 46661 62667 1607 120644
internal_value=-0.011193 0.00456628 -0.0193966 -0.0197594 0.00382455 0.00539702 -0.00318293 0.00488741 0.00915645 0.0104467 0.00972774 0.005934 0.0102682 0.0167187
internal_weight=1411.15 483.255 927.898 922.513 480.658 452.496 138.376 99.1169 314.12 308.913 306.786 238.341 191.303 129.783
internal_count=2402999 482101 1920898 1910732 481760 449465 147871 104444 301594 296262 294190 231579 184918 122251
cat_boundaries=0 1 2 3
cat_threshold=918541 137680320 67119629
is_linear=0
shrinkage=0.05


Tree=30
num_leaves=15
num_cat=3
split_feature=3 3 27 22 8 25 0 0 9 9 10 4 17 15
split_gain=50.4744 8.79354 8.50828 7.6795 13.9972 9.01675 9.53178 9.58628 9.43324 12.2178 13.7619 13.7729 27.3478 16.7549
threshold=29.994999885559086 29.994999885559086 0 1 1.0000000180025095e-35 2 373.45500183105474 64051.630859375007 -20.499999999999996 1121.5000000000002 1413.5000000000002 7.5000000000000009 0.82322451472282421 1792131.5000000002
decision_type=8 10 9 1 2 9 2 2 2 2 2 2 10 10
left_child=-1 2 3 5 -5 -2 -7 -8 -9 10 11 -10 13 -13
right_child=1 -3 -4 4 -6 6 7 8 9 -11 -12 12 -14 -15
leaf_value=-0.017708899034710537 -0.012622853786619976 0.076669774284875508 -0.0029055216289606231 -0.013997570310435326 0.076016402425704621 0.052994692312722615 -0.0043801351749104805 -0.013491395080063862 0.014829345218861818 0.012016827596381115 -0.0037409566928987763 0.29295166236476178 0.0092339585409719864 0.048870109198803795
leaf_weight=910.34421488479938 15.731904351618139 2.9371939891568664 331.57840518641751 46.14794561464808 3.7593031840515314 25.684229042555671 28.557624089124147 7.2055394963827011 2.8536871226388048 11.888041877769863 3.3191549554467192 2.0612819303059955 2.374006058613304 1.5275604987400582
leaf_count=1921521 15712 1679 345010 42469 2960 20819 26455 6386 2522 10184 2882 1762 2046 1271
internal_value=-0.010771 0.00224442 0.00163396 0.0110153 -0.0048955 0.0185723 0.0250987 0.016569 0.0352675 0.0498466 0.0831685 0.112935 0.151014 0.22235
internal_weight=1395.97 485.626 482.689 151.11 49.9072 101.203 85.4711 59.7869 31.2293 24.0237 12.1357 8.81654 5.96285 3.58884
internal_count=2403678 482157 480478 135468 45429 90039 74327 53508 27053 20667 10483 7601 5079 3033
cat_boundaries=0 1 2 3
cat_threshold=225257475 56 4625519
is_linear=0
shrinkage=0.05


Tree=31
num_leaves=15
num_cat=3
split_feature=27 25 15 4 16 2 15 10 10 11 25 16 15 15
split_gain=5.34766 7.94519 17.7599 7.69719 8.90714 9.41174 7.71683 7.53236 6.80188 7.17666 8.13651 7.10248 10.4055 14.1746
threshold=0 1 1835644.0000000002 12.500000000000002 2290.6997070312505 397.31500244140631 2523899.0000000005 820.50000000000011 2418.5000000000005 24.500000000000004 2 1173.0697021484377 1385518.0000000002 481088.00000000006
decision_type=9 9 10 2 10 8 10 2 2 2 9 8 10 10
left_child=8 2 -2 6 -5 -6 7 -4 9 -1 11 12 13 -11
right_child=1 -3 3 4 5 -7 -8 -9 -10 10 -12 -13 -14 -15
leaf_value=-0.012025078096720709 -0.014686167933326062 -0.0082785396321790536 0.15005288582251441 0.021047127900749633 0.048183134159518484 0.23652451938193672 -0.014274440549991772 -0.020468605181448961 0.045918132496044532 -0.021914429066151014 -0.029905345148833824 -0.0028612680716868137 -0.026922608729399607 0.20606410856030355
leaf_weight=426.54264818323929 14.558696290336361 822.40403893611824 0.7493954830861147 2.5172191895730478 2.0546219192981248 0.91939534706762094 4.5932714507046768 0.69208616565447301 3.6902125742882381 0.77937635331235511 90.867670490630445 8.5401397005426265 1.1649450308923914 0.95250708009655372
leaf_count=757821 24206 1415633 1242 3957 3137 1355 7528 1134 6496 1370 161200 14838 2029 1623
internal_value=-0.0101294 -0.00733535 0.0160368 0.0657209 0.104016 0.151274 0.0210422 0.0933315 -0.0141563 -0.0149286 -0.0268006 0.0123798 0.0782846 0.133003
internal_weight=1381.03 848.489 26.0847 11.526 5.49124 2.97402 6.03475 1.44148 532.537 528.847 102.305 11.437 2.89683 1.73188
internal_count=2403569 1458192 42559 18353 8449 4492 9904 2376 945377 938881 181060 19860 5022 2993
cat_boundaries=0 1 2 3
cat_threshold=1196880 2097425 4676140
is_linear=0
shrinkage=0.05


Tree=32
num_leaves=15
num_cat=4
split_feature=3 25 27 15 3 3 11 2 27 2 17 15 22 4
split_gain=59.3551 8.65736 11.5847 11.7807 8.12877 12.2001 10.1397 7.94511 7.48793 8.8547 12.5454 8.42963 6.36393 9.17634
threshold=29.875000000000004 0 1 1856905.0000000002 24.914999961853031 8.3550000190734881 21.500000000000004 361.61499023437506 2 1933.9500122070315 0.88288643956184398 1593899.5000000002 3 7.5000000000000009
decision_type=8 9 9 10 8 10 2 10 9 10 8 8 1 2
left_child=1 2 3 7 5 -5 -7 -1 -2 12 11 -11 -10 -14
right_child=8 -3 -4 4 -6 6 -8 -9 9 10 -12 -13 13 -15
leaf_value=-0.015102499124585415 -0.0072567045902841958 -0.018260354542193807 -0.016164382932136772 0.00036247473705669248 -0.020239740447917806 0.12915166706914094 -0.0092232347489037553 0.068945210418656214 -0.0083874954095203205 0.18308547333911329 0.020832750620237355 0.013326078095699351 -0.0042596509199930369 0.014782743603289719
leaf_weight=16.181988985073989 96.509472167378078 810.72904632900941 36.26204851502554 3.962058401171813 2.3582123473461261 6.5346043489407748 1.4515108627674633 2.3624009947525328 62.216131167263029 1.1448222071655016 38.497849665090847 1.3674803044452335 92.89815525822894 194.86792241477957
leaf_count=33653 108579 1769456 76930 8071 4794 13264 3006 4826 63639 943 35731 1268 93136 186987
internal_value=-0.00918195 -0.0169297 0.00115704 0.0195357 0.0577749 0.0735466 0.105774 -0.00141573 0.00480717 0.00778243 0.0296853 0.120785 0.00536036 0.00835266
internal_weight=1367.34 879.842 69.1128 32.8508 14.3064 11.9482 7.98612 18.5444 487.502 390.992 41.0102 2.5123 349.982 287.766
internal_count=2404283 1914000 144544 67614 29135 24341 16270 38479 490283 381704 37942 2211 343762 280123
cat_boundaries=0 1 2 3 4
cat_threshold=938245 75649830 8818764 17
is_linear=0
shrinkage=0.05


Tree=33
num_leaves=15
num_cat=4
split_feature=3 28 25 15 5 16 11 15 1 11 11 27 25 17
split_gain=42.011 7.99364 12.7716 12.887 16.8396 8.71854 9.72214 11.7615 9.94938 15.3719 8.41789 7.54294 7.44081 8.9908
threshold=29.875000000000004 0 1 5547964.5000000009 4.5000000000000009 3481362.8750000005 18.500000000000004 2329936.5000000005 5.4719133377075204 34.500000000000007 8.5000000000000018 2 3 0.33580839633941656
decision_type=8 9 9 10 2 8 2 10 2 2 2 9 9 8
left_child=-1 2 -2 5 -5 6 10 8 -8 -10 -4 12 13 -3
right_child=1 11 3 4 -6 -7 7 -9 9 -11 -12 -13 -14 -15
leaf_value=-0.015378370331640554 -0.013648824030496297 0.073813555248123261 0.050627283117111156 0.1738187340956073 -0.01188321575735863 -0.021325462913129489 0.0041543171158599122 -0.017011389707347242 0.18348524560427054 -0.0064082287586959457 -0.017211202828573594 0.0067352454504498484 -0.0087093002663586484 -0.01315472234591823
leaf_weight=864.94381168720543 16.483200851249446 6.6695645116206448 8.4356248037865864 2.7969467372865635 1.6208638088543201 5.9628296620889243 1.7679024290291128 2.0276405825893153 3.7102182832283437 1.2923359403469734 8.134444439983854 223.20073713388237 203.07923853010905 4.4215753331523606
leaf_count=1913083 16474 6322 7665 2514 1406 5634 1585 1813 3301 1204 7368 217669 212772 4405
internal_value=-0.00875942 0.00294128 0.0195357 0.0344479 0.116068 0.0303597 0.0428564 0.0826242 0.110813 0.141534 0.0182404 0.000463272 -0.00608287 0.0223981
internal_weight=1354.55 489.603 52.232 35.7488 4.41781 31.331 25.3682 8.7981 6.77046 5.00255 16.5701 437.371 214.17 11.0911
internal_count=2403215 490132 48964 32490 3920 28570 22936 7903 6090 4505 15033 441168 223499 10727
cat_boundaries=0 1 2 3 4
cat_threshold=128 13321547 103995600 12673032
is_linear=0
shrinkage=0.05


Tree=34
num_leaves=15
num_cat=3
split_feature=3 25 27 11 16 3 2 11 9 7 27 3 15 16
split_gain=46.2973 6.12929 9.66032 7.44571 13.6618 9.57783 6.37885 6.28108 6.10045 5.4367 7.54023 10.8587 15.191 8.31333
threshold=29.994999885559086 0 1 9.5000000000000018 1354.394470214844 6.8849999904632577 361.61499023437506 16.500000000000004 -397.49999999999994 1.0000000180025095e-35 2 1.1050000190734866 1099072.5000000002 1684.882507324219
decision_type=8 9 9 2 8 10 8 2 2 2 9 10 8 8
left_child=1 2 3 4 -1 -6 -5 -8 -7 -3 11 12 -11 -12
right_child=-2 9 -4 6 5 8 7 -9 -10 10 13 -13 -14 -15
leaf_value=-0.012716717054903962 0.0040770849020290122 -0.018375851212730446 -0.018096961572783676 -0.041038746900972312 -0.010641600678010087 0.0017475046649642731 -0.021427085393083745 0.050133952490697221 0.14204676318903198 0.21347240246076149 0.0049779862464894749 0.0058869512652079403 -0.023659999651112658 -0.023293189183342302
leaf_weight=4.3614569870405839 484.84688784836806 651.52149886501184 20.330272542487364 4.5672709484060734 1.5398189635598107 0.93201655690791074 4.2460294360062107 6.9876183759479318 4.4668330234126188 0.51814117844332819 37.181843053666057 36.560949013073696 0.89748516230611142 83.17826320612221
leaf_count=8976 481714 1466547 44486 9631 3261 1930 8700 14704 9084 1151 82991 80802 1995 186509
internal_value=-0.0082664 -0.015244 0.00303436 0.0195345 0.0556673 0.0948389 0.00354564 0.0235452 0.121885 -0.0161551 -0.00797309 0.0102152 0.115575 -0.0134798
internal_weight=1342.14 857.289 47.4313 27.101 11.3001 6.93867 15.8009 11.2336 5.39885 809.858 158.337 37.9766 1.41563 120.36
internal_count=2402481 1920767 100772 56286 23251 14275 33035 23404 11014 1819995 353448 83948 3146 269500
cat_boundaries=0 1 2 3
cat_threshold=397573 75635638 6326794
is_linear=0
shrinkage=0.05


Tree=35
num_leaves=15
num_cat=3
split_feature=3 25 3 27 11 27 10 10 11 18 17 1 16 9
split_gain=46.9176 7.76121 8.50409 6.80678 5.69268 5.45465 6.01647 5.11929 10.1537 5.10908 4.64138 5.58657 6.31355 5.48671
threshold=29.314999580383304 0 29.994999885559086 1 48.500000000000007 2 2120.5000000000005 2377.5000000000005 28.500000000000004 2.5000000000000004 3.8828558921813969 15.24380683898926 7939591.5000000009 708.50000000000011
decision_type=8 9 10 9 2 9 2 2 2 2 10 2 10 2
left_child=9 5 3 -3 7 -2 -7 10 -9 -1 11 -5 -13 -14
right_child=1 2 -4 4 -6 6 -8 8 -10 -11 -12 12 13 -15
leaf_value=-0.015848140726133494 0.0082162575634931422 -0.0025078281864735546 0.079943231885210464 0.0099675338493968712 -0.04080348204024771 -0.037148143932106741 0.043543634152279007 -0.013242081101022596 0.14466241207606748 0.05991249624080535 -0.010285171064433071 0.0073285672881236719 0.017604971050768227 0.091689235933146207
leaf_weight=821.26682880084411 16.46970892970808 180.42631067315233 2.8374702239064495 225.58242043360957 4.4137478532793457 30.009688908331043 1.6716142252567738 1.7179699510161293 1.0545325076673178 1.2742719601665147 24.147621067910222 10.327947906771444 4.9125434244633635 5.7023943688254803
leaf_count=1874328 18493 197729 1509 220918 4810 34398 1827 1681 987 2815 24369 9631 4516 5051
internal_value=-0.00828064 0.00364232 0.00565214 0.00514217 0.00983797 -0.0136925 -0.024264 0.0111596 0.0692437 -0.0156582 0.0103119 0.0123628 0.0365333 0.061871
internal_weight=1331.82 509.274 461.123 458.285 277.859 48.151 31.6813 273.445 2.7725 822.541 270.673 246.525 20.9429 10.6149
internal_count=2403062 525919 471201 469692 271963 54718 36225 267153 2668 1877143 264485 240116 19198 9567
cat_boundaries=0 1 2 3
cat_threshold=3834919 112496876 67111078
is_linear=0
shrinkage=0.05


Tree=36
num_leaves=15
num_cat=1
split_feature=3 9 0 2 16 16 16 19 27 16 10 10 8 16
split_gain=37.5006 5.58779 5.00366 11.3902 10.1014 6.6557 6.99026 6.32922 6.18707 6.99327 6.94995 11.292 9.46481 6.50055
threshold=29.994999885559086 2471.5000000000005 14177461.500000002 1080.3800048828127 10021082.000000002 4536887.0000000009 3481362.8750000005 1.0000000180025095e-35 0 10021082.000000002 1313.5000000000002 974.50000000000011 1.0000000180025095e-35 7769788.5000000009
decision_type=8 2 2 10 10 10 10 8 9 8 2 2 2 8
left_child=-1 2 3 8 5 6 -5 -6 13 10 11 -10 -12 -2
right_child=1 -3 -4 4 7 -7 -8 -9 9 -11 12 -13 -14 -15
leaf_value=-0.015080373621042529 -0.011701187776220551 0.071934350609820022 -0.020488342474153876 0.018998744069152133 0.11535733718375506 -0.015835177544943763 0.099401199315372932 0.0096825665443317759 0.0075039829361446229 -0.027375550747840316 0.015144782234483907 -0.027947407965691153 0.089296022886067444 0.016475801698238531
leaf_weight=831.8225110561491 139.79331449695894 1.8694080632297971 22.676406642967208 38.821878473613928 3.5342484596779862 12.150828493572169 2.0112475665813241 2.3487449015544284 129.30044937382621 14.434301631585013 69.55088328379837 26.142703164113556 3.6645572037442227 23.051368371797054
leaf_count=1921361 140128 1646 22328 35939 3074 11559 1936 2249 128366 14351 66754 26219 2987 25128
internal_value=-0.00862544 0.00235535 0.00194181 0.00307774 0.0234374 0.0157017 0.0252405 0.0807037 7.49559e-05 0.00504416 0.00742062 0.00140117 0.0200094 -0.00719713
internal_weight=1321.17 489.35 487.481 464.805 58.8669 52.984 40.8331 5.88299 405.938 243.093 228.659 155.443 73.2154 162.845
internal_count=2404025 482664 481018 458690 54757 49434 37875 5323 403933 238677 224326 154585 69741 165256
cat_boundaries=0 1
cat_threshold=113302900
is_linear=0
shrinkage=0.05


Tree=37
num_leaves=15
num_cat=3
split_feature=17 17 10 11 4 27 25 10 16 27 10 10 17 2
split_gain=4.77382 5.85678 10.0525 4.53406 4.39011 13.4453 13.7187 9.93928 9.74447 7.50427 7.22171 15.9654 14.59 9.68478
threshold=27.221646308898929 5.941828966140748 1596.5000000000002 16.500000000000004 16.500000000000004 0 1 1126.5000000000002 232.98937988281253 2 855.50000000000011 1244.5000000000002 0.23944397270679477 382.68000793457037
decision_type=10 10 2 2 2 9 9 2 8 9 2 2 10 8
left_child=1 4 -3 -4 9 6 -6 -7 -8 -1 -10 12 -12 -13
right_child=-2 2 3 -5 5 7 8 -9 10 -11 11 13 -14 -15
leaf_value=-0.014906656467392192 0.03590017972280541 -0.035122842179610592 0.045143181872270344 -0.024048967233206184 -0.026393203624852469 -0.018620754579257243 0.10695137396172075 0.0033231885111309049 0.002384045657983668 -0.0050163368234681129 0.0032537976215514458 0.060502862602304489 0.096352828015827036 -0.00090911928362707312
leaf_weight=310.71165814856766 5.4006281170391039 39.242623070529717 5.8296615046869755 2.8490531698079353 14.394711702859235 135.88279854125744 1.8666935699329381 82.398308542774799 71.494390464549411 575.42523202449252 6.5071439978453158 6.6900869093325754 11.296445493320892 38.694335317928633
leaf_count=587664 8917 73448 10635 5182 25863 249375 3317 147819 130670 1046027 12003 12324 20789 69079
internal_value=-0.00727609 -0.0074824 -0.0244819 0.0222909 -0.0068145 -0.00222601 0.00893883 -0.00990798 0.0143534 -0.00872171 0.0133491 0.0255252 0.0643081 0.00925279
internal_weight=1308.68 1303.28 47.9213 8.67871 1255.36 369.225 150.944 218.281 136.549 886.137 134.682 63.188 17.8036 45.3844
internal_count=2403112 2394195 89265 15817 2304930 671239 274045 397194 248182 1633691 244865 114195 32792 81403
cat_boundaries=0 1 2 3
cat_threshold=165850008 6890802 1215248
is_linear=0
shrinkage=0.05


Tree=38
num_leaves=15
num_cat=2
split_feature=3 3 25 0 16 16 19 27 10 16 11 15 4 17
split_gain=49.6344 12.973 8.39513 7.74944 6.67368 6.5195 6.02411 5.7538 11.6547 10.1393 10.7529 5.31311 4.78712 6.27863
threshold=29.875000000000004 29.994999885559086 0 12881779.000000002 9077426.5000000019 10292359.000000002 1.5000000000000002 1 1642.5000000000002 1373.268737792969 7.5000000000000009 626191.50000000012 13.500000000000002 0.12313960120081903
decision_type=8 10 9 2 10 8 10 9 2 8 2 10 2 10
left_child=2 3 7 -2 -5 -6 12 -1 -9 -10 -11 -8 -4 -14
right_child=1 -3 6 4 5 -7 11 8 9 10 -12 -13 13 -15
leaf_value=0.011109922948766789 0.005843293719373273 0.092756384280609616 -0.020573488422482373 -0.04107885329955116 0.068393135508327194 -0.015905231764630507 -0.02041506852453288 -0.028387380680508879 -0.035774447612471748 0.16675114910220512 0.020102395097438996 0.12542423017836141 0.0016880626899503125 -0.015942591842491801
leaf_weight=47.892132647481048 464.14869614542101 3.1916635836525975 418.39193506687434 15.726308728626465 2.3775111065478969 6.3224512012675413 0.68955797920352668 31.356677955540363 2.5109541107085525 1.0760003433679228 3.9914339799142908 0.42506549204699695 63.785787980304917 238.15348908706801
leaf_count=105391 463576 1640 1001410 16374 2341 6130 1640 72083 5787 2396 9083 1009 151358 563329
internal_value=-0.00737607 0.00514288 -0.0149897 0.00438224 -0.0225186 0.0118076 -0.0166394 0.000579374 -0.0119677 0.0374094 0.0735921 0.0682132 -0.0170958 -0.0122248
internal_weight=1300.04 491.767 808.273 488.575 24.4263 8.69996 721.446 86.8272 38.9351 7.57839 5.06743 1.11462 720.331 301.939
internal_count=2403547 490061 1913486 488421 24845 8471 1718746 194740 89349 17266 11479 2649 1716097 714687
cat_boundaries=0 1 2
cat_threshold=3363141 210375526
is_linear=0
shrinkage=0.05


Tree=39
num_leaves=15
num_cat=0
split_feature=9 11 10 11 9 10 8 9 5 16 10 6 9 0
split_gain=7.91961 8.03286 6.24155 9.59683 9.06172 7.36652 6.31769 7.86899 14.5166 9.27188 10.6543 8.37043 7.79098 4.90261
threshold=2471.5000000000005 27.500000000000004 2239.5000000000005 17.500000000000004 1684.5000000000002 2288.5000000000005 1.0000000180025095e-35 25.500000000000004 4.5000000000000009 976968.96875000012 1551.5000000000002 1.0000000180025095e-35 1617.5000000000002 432.02499389648443
decision_type=2 2 2 2 2 2 2 2 2 8 2 2 2 2
left_child=2 -2 6 4 13 -6 -1 8 -8 10 11 -10 -9 -4
right_child=1 -3 3 -5 5 -7 7 12 9 -11 -12 -13 -14 -15
leaf_value=-0.0080255348727298944 0.095943544820322232 -0.018229750860209438 -0.034936406785295575 -0.0042346919360838854 0.18499868635515601 0.030321102507071391 0.00010328197316276975 -0.014839104561449766 0.20265395961862476 0.0018841826987174165 -0.020450139200644018 0.0070782859159764918 0.030640844202348624 0.039283101579277425
leaf_weight=1186.8472674504496 2.7677218234654042 2.1451159134384339 2.3132384304724294 25.200528334119156 0.91475033231140956 2.1115245452326814 9.9696138991954868 33.091667966440276 2.1660250771146594 1.8897109034750621 0.69103810185343428 0.75133927423779523 12.015005054458404 6.2777652064060714
leaf_count=2220508 4546 3816 3911 45326 1538 3834 17822 58013 3769 3359 1152 1294 21256 11288
internal_value=-0.00635762 0.0514396 -0.00661857 0.0134265 0.0490369 0.111411 -0.00722048 0.00842721 0.0380137 0.0961613 0.134411 0.16695 -0.00232285 0.0177396
internal_weight=1289.15 4.91284 1284.24 36.8178 11.6173 3.02627 1247.42 60.5744 15.4677 5.49811 3.6084 2.91736 45.1067 8.591
internal_count=2401432 8362 2393070 65897 20571 5372 2327173 106665 27396 9574 6215 5063 79269 15199
is_linear=0
shrinkage=0.05


Tree=40
num_leaves=15
num_cat=3
split_feature=3 25 9 0 25 28 0 0 9 16 9 9 0 9
split_gain=34.1566 5.3917 8.37519 9.44183 5.13781 6.01939 6.05097 12.5217 6.77789 6.73174 6.73688 6.10833 7.07343 5.7989
threshold=29.414999961853031 0 1038.5000000000002 1447871.4375000002 1 2 236.91500091552737 308.69000244140631 708.50000000000011 2693486.6250000005 2112.5000000000005 1483.5000000000002 497.20500183105474 648.50000000000011
decision_type=8 9 2 2 9 9 2 2 2 8 2 2 2 2
left_child=1 2 3 -1 -2 6 -6 13 -9 10 11 -10 -13 -8
right_child=4 -3 -4 -5 5 -7 7 8 9 -11 -12 12 -14 -15
leaf_value=0.011531207889845975 -0.010729193008463688 -0.01329389973744749 -0.01992814200622714 0.10226113055239319 -0.0089622013753049342 0.0037395688620600141 0.16841311247758603 -0.00073652069921623239 0.034803834693990253 -0.009143660145088427 -0.027961307003434167 0.011995754338885327 0.15145707056177835 0.026301153869291872
leaf_weight=25.806161838932898 42.423213325846476 730.97305944792106 18.93779083294794 2.2834599365596651 8.7336802984620387 419.35048462364392 1.5176119916123312 14.206418655725718 6.0702280263616579 3.8892830122855875 1.2646886895901186 1.4178391977628968 2.9701752222972924 1.6196894015615106
leaf_count=57838 49646 1780015 42086 4750 7905 432417 1170 12958 5202 3637 1110 1245 2700 1380
internal_value=-0.00578356 -0.0123442 0.00426617 0.0221687 0.00435901 0.00587269 0.0220693 0.0368141 0.0245681 0.0462525 0.0639053 0.0764852 0.116985 0.119136
internal_weight=1281.46 778 47.0274 28.0896 503.463 461.04 41.6896 32.9559 29.8186 15.6122 11.7229 10.4582 4.38801 3.1373
internal_count=2404059 1884689 104674 62588 519370 469724 37307 29402 26852 13894 10257 9147 3945 2550
cat_boundaries=0 1 2 3
cat_threshold=397633 5440587 128
is_linear=0
shrinkage=0.05


Tree=41
num_leaves=15
num_cat=3
split_feature=3 3 3 27 28 3 1 23 9 17 3 3 9 9
split_gain=30.8409 9.49539 5.39111 5.78929 8.74781 6.14501 12.3694 6.11391 10.1466 14.1976 10.1658 13.7284 12.9914 16.0254
threshold=29.875000000000004 29.994999885559086 10.934999942779543 0 1 12.015000343322756 14.129529476165773 2 -360.49999999999994 0.45771484076976782 24.23499965667725 16.785000801086429 1650.5000000000002 84.500000000000014
decision_type=8 10 10 9 9 10 2 9 2 10 10 10 2 2
left_child=2 -2 -1 4 -4 6 -6 8 9 -7 11 -10 13 -13
right_child=1 -3 3 -5 5 7 -8 -9 10 -11 -12 12 -14 -15
leaf_value=-0.017262211052448951 0.0034693183442212993 0.074007504612273609 -0.013507541237000903 -0.011840359768213864 -0.0031598232385852266 0.1881972923229264 0.14196856700275259 -0.0020145969112360454 -0.020981623295092806 -0.02366068026693682 -0.033253003847059738 -0.02688024589207931 -0.029595096269655809 0.15953203339400446
leaf_weight=285.95128951282686 489.4504173954773 3.8213584607016164 56.105646605865331 354.37862587693951 3.2683958309645211 1.3088912660023226 1.6044215752626767 61.912577063136268 4.166007000661919 0.89757379042566743 4.9648328798648427 1.1615483516070524 1.4488567349326329 4.0107493423856795
leaf_count=702225 488665 1676 137654 866804 7959 3066 3941 152638 9724 2130 11673 2697 3399 9365
internal_value=-0.00561892 0.0041644 -0.011794 -0.00860812 0.000359726 0.0100378 0.0606623 0.00747855 0.0259574 0.121514 0.0216128 0.0475438 0.0877555 0.120097
internal_weight=1274.45 493.272 781.179 495.228 140.85 84.7439 4.87282 79.871 17.9585 2.20647 15.752 10.7872 6.62115 5.1723
internal_count=2403616 490341 1913275 1211050 344246 206592 11900 194692 42054 5196 36858 25185 15461 12062
cat_boundaries=0 1 2 3
cat_threshold=178598524 146 14
is_linear=0
shrinkage=0.05


Tree=42
num_leaves=15
num_cat=2
split_feature=3 25 27 0 9 15 3 17 10 2 0 3 17 15
split_gain=25.7568 9.63793 10.8034 7.71402 7.64035 7.15131 7.86899 8.0193 8.37549 16.1686 15.0295 6.78252 6.36966 8.43468
threshold=29.314999580383304 0 1 282.88500976562506 1948.5000000000002 1574785.0000000002 22.445000648498539 1.2899225354194643 820.50000000000011 429.08499145507818 289.44500732421881 29.994999885559086 0.0088214231655001658 1813769.5000000002
decision_type=8 9 9 2 2 10 8 8 2 8 2 10 8 10
left_child=1 2 4 -4 5 -1 7 8 9 -7 -11 -2 13 -3
right_child=11 12 3 -5 -6 6 -8 -9 -10 10 -12 -13 -14 -15
leaf_value=0.013457703224277015 0.0029393055412468916 -0.027503763305606412 0.019116812507604389 -0.03098607595119093 -0.037096776801331985 0.01460817458007363 -0.0037535808679159616 -0.026350810680157294 0.036286536661569786 0.044341583142583622 0.27420172628734146 0.062176468895575945 -0.013138020620559533 0.12141873213745698
leaf_weight=14.753216599609006 506.62876859528484 1.2214971884379711 10.571348919998853 22.641095204831799 2.869966386089799 2.0947742456046345 3.3229110146057801 1.1130036878166727 4.7932792842038907 1.6495316808577629 1.4674865107226649 3.8821903717768569 689.03852236972307 1.0416607919032683
leaf_count=32813 524225 3034 25062 53034 6445 4338 7029 2212 10026 3556 3042 1629 1724209 2582
internal_value=-0.00516416 -0.0110144 0.00700996 -0.0115655 0.0242901 0.0393982 0.0633117 0.0820115 0.0953652 0.135111 0.192876 0.00351045 -0.0126426 0.057244
internal_weight=1267.09 756.578 65.2766 33.2124 32.0642 29.1942 14.441 11.1181 10.0051 5.21179 3.11702 510.511 691.302 2.26316
internal_count=2403236 1877382 147557 78096 69461 63016 30203 23174 20962 10936 6598 525854 1729825 5616
cat_boundaries=0 1 2
cat_threshold=2773313 78140198
is_linear=0
shrinkage=0.05


Tree=43
num_leaves=15
num_cat=2
split_feature=3 17 17 3 27 21 16 16 8 17 5 16 15 16
split_gain=25.5906 6.82733 6.42347 7.22622 5.19461 7.19097 9.69303 7.86669 6.12386 6.74963 6.9143 6.25895 6.63159 11.5677
threshold=29.994999885559086 27.221646308898929 5.6359426975250253 29.494999885559086 0 1 9298034.5000000019 3670225.1250000005 1.0000000180025095e-35 0.018298437818884853 3.5000000000000004 42276.560546875007 458876.00000000006 512303.23437500006
decision_type=8 10 10 8 9 1 8 8 2 8 2 8 10 10
left_child=1 2 -1 -4 5 6 7 -2 9 10 -6 -10 -13 -14
right_child=4 -3 3 -5 8 -7 -8 -9 11 -11 -12 12 13 -15
leaf_value=-0.011019688311422743 0.013866788731906072 0.050045230083596605 -0.038694948887008647 0.072625946836564356 0.10839107343829009 -0.0094548734480352815 0.057312764578695469 -0.030877258574577366 0.0027360952578965449 0.0041147523751961564 -0.0042156514386605289 -0.0087401594942051897 0.16486199261035478 0.033845690439706554
leaf_weight=734.88716636481763 38.893077528968384 3.4971023150428655 29.908273474633464 0.63083500287029792 2.155833152740283 136.80015849463032 8.7797055422962895 12.039816356036587 9.4174663153864504 270.34371747645736 2.2730536679972237 2.6310672013423595 1.7917465973400055 6.1511640812706956
leaf_count=1835281 40238 7101 77283 1323 1891 144798 9083 12866 7814 255241 1953 2127 1155 5044
internal_value=-0.00595011 -0.0116398 -0.0119865 -0.0341656 0.00296065 -0.00330763 0.0100556 0.00289903 0.0070114 0.00523902 0.0604666 0.033302 0.0579363 0.0785302
internal_weight=1260.2 768.923 765.426 30.5391 491.277 196.513 59.7126 50.9329 294.764 274.773 4.42889 19.9914 10.574 7.94291
internal_count=2403198 1920988 1913887 78606 482210 206985 62187 53104 275225 259085 3844 16140 8326 6199
cat_boundaries=0 1 2
cat_threshold=2283748 1
is_linear=0
shrinkage=0.05


Tree=44
num_leaves=15
num_cat=2
split_feature=27 17 2 10 17 4 15 4 11 15 17 10 4 21
split_gain=7.81833 7.46642 7.39063 7.70909 10.925 11.8995 9.73986 5.90252 8.15517 7.38006 8.26759 6.4669 8.8442 5.85779
threshold=0 27.221646308898929 7128.9399414062509 2239.5000000000005 0.19697896391153338 4.5000000000000009 415169.00000000006 16.500000000000004 8.5000000000000018 5655689.0000000009 0.10271257907152177 1585.5000000000002 18.500000000000004 1
decision_type=9 10 10 2 10 2 10 2 2 8 10 2 2 1
left_child=7 2 3 -2 -5 -6 -7 13 9 10 -9 -12 -13 -1
right_child=1 -3 -4 4 5 6 -8 8 -10 -11 11 12 -14 -15
leaf_value=-0.0026226689664170903 -0.0032682752402523546 0.057386060730606606 -0.030869399188930832 -0.022833631937538439 -0.029257422181445648 -0.021053876465511052 0.080105930657404636 -0.029940545276476507 -0.013001864763601385 -0.018252579554148822 0.027854699461881866 0.17879182244039615 0.023489921854428324 -0.021635633450742271
leaf_weight=72.324433337442798 878.87496131354544 4.1203017470978684 22.482315077344651 8.1910096268222841 3.8139770838011815 2.4514262948354295 12.446692101388981 3.979137876275419 59.760964556220451 10.014753320998713 18.259038206358419 0.9666961123074701 2.4007397785782842 152.76996211215641
leaf_count=146228 1660838 6516 44287 14712 6909 4373 21860 7845 117229 20199 36099 1837 4495 310880
internal_value=-0.00525332 -0.00281216 -0.0031711 -0.00245031 0.0234306 0.0438132 0.0631832 -0.011868 -0.00178629 0.0168715 0.0307788 0.0427803 0.0988022 -0.0166382
internal_weight=1252.86 932.381 928.26 905.778 26.9031 18.7121 14.8981 320.476 95.3813 35.6204 25.6056 21.6265 3.36744 225.094
internal_count=2404307 1759495 1752979 1708692 47854 33142 26233 644812 187704 70475 50276 42431 6332 457108
cat_boundaries=0 1 2
cat_threshold=1212496 17
is_linear=0
shrinkage=0.05


Tree=45
num_leaves=15
num_cat=4
split_feature=3 27 25 27 9 3 9 15 10 25 15 16 15 5
split_gain=26.207 9.26347 7.8392 10.6595 9.01961 8.97726 17.2998 20.2691 22.0618 6.32491 7.28453 14.5444 14.2381 14.4008
threshold=29.875000000000004 0 1 2 84.500000000000014 12.065000057220461 1227.5000000000002 1160574.0000000002 809.50000000000011 3 1593899.5000000002 479.03440856933599 1039891.5000000001 1.5000000000000002
decision_type=8 9 9 9 2 10 2 10 2 9 8 10 10 2
left_child=2 -2 3 4 -1 6 7 -6 -9 -3 11 12 13 -11
right_child=1 9 -4 -5 5 -7 -8 8 -10 10 -12 -13 -14 -15
leaf_value=-0.013086926659566423 -0.010877421840677404 -0.010095084146171027 -0.012581922110226391 -0.011396353225617361 0.0080149247731373923 0.015882313511709569 0.0019362282236027072 0.27860833691434822 0.026565755018184353 -0.030108036263813604 0.0024028837215344222 0.01223952734587413 -0.016802500680332538 0.12059647364014899
leaf_weight=9.8303553507721499 79.633829866875672 41.57121042396227 670.13765900736166 44.670682162948651 2.4464954093273281 15.691133277170591 4.7743495799659286 1.7387002944597045 1.6116665332810951 1.5090418462006798 192.46907523649844 168.34440642333371 3.5116545701488837 7.7901048781811957
leaf_count=22703 88767 45265 1718970 111074 5840 36169 11375 3907 3714 1402 185319 158370 3214 7227
internal_value=-0.00503732 0.00389189 -0.0109189 0.00392449 0.0211194 0.0416803 0.0752911 0.126533 0.191341 0.00684093 0.00896013 0.0163674 0.0657968 0.0955917
internal_weight=1245.73 494.829 750.901 80.7634 36.0927 26.2623 10.5712 5.79686 3.35037 415.195 373.624 181.155 12.8108 9.29915
internal_count=2403316 489564 1913752 194782 83708 61005 24836 13461 7621 400797 355532 170213 11843 8629
cat_boundaries=0 1 2 3 4
cat_threshold=167809108 8061251 67637862 7570471
is_linear=0
shrinkage=0.05


Tree=46
num_leaves=15
num_cat=3
split_feature=7 27 25 25 10 10 9 16 16 9 17 4 4 0
split_gain=5.8831 8.61 8.78735 7.31848 7.62218 9.08616 10.2995 8.5099 6.07624 6.79574 6.00179 5.99131 5.71371 5.68756
threshold=1.0000000180025095e-35 0 1 2 855.50000000000011 349.50000000000006 -653.49999999999989 1451.5075683593752 3849599.0000000005 1517.5000000000002 0.046275896951556213 14.500000000000002 21.500000000000004 5008.6149902343759
decision_type=2 9 9 9 2 2 2 8 10 2 8 2 2 2
left_child=-1 2 8 10 5 6 -5 12 9 -2 -3 -9 13 -6
right_child=1 3 -4 4 7 -7 -8 11 -10 -11 -12 -13 -14 -15
leaf_value=-0.0070668680887170628 0.075620257014415382 0.050525128347938375 -0.013667720997049715 0.10147146528655959 0.083544505197700944 -0.023702257162235785 0.0092195614503797815 0.002066621130027146 -0.032017902702913797 -0.017816118144705059 -0.034500347675955965 0.040249635998058142 -0.026338869415939731 -0.024166282902509047
leaf_weight=996.24796673337141 7.3560551295821242 1.4864050238114797 98.999572849407741 2.3004426843428396 10.603771970096458 19.888851442267438 40.346814658035598 25.870648733979344 1.7764020439699368 2.1046687552904739 15.092797887141366 16.16803017934847 1.1112332004837693 0.934279857839308
leaf_count=1937555 12525 2698 192757 4416 19851 38598 77001 49943 2964 3754 27589 29857 1977 1791
internal_value=-0.00536391 0.00158856 -0.00837836 0.00970299 0.0143078 0.00347814 0.0164065 0.0289761 0.0219309 0.055118 -0.0155763 0.0173458 0.0635256 0.0735909
internal_weight=1240.29 244.04 110.237 133.803 117.224 62.5361 42.6473 54.688 11.2371 9.46072 16.5792 42.0387 12.6493 11.5381
internal_count=2403276 465721 212000 253721 223434 120015 81417 103419 19243 16279 30287 79800 23619 21642
cat_boundaries=0 1 2 3
cat_threshold=102571335 14710096 4015046
is_linear=0
shrinkage=0.05


Tree=47
num_leaves=15
num_cat=4
split_feature=3 11 27 25 27 17 15 4 16 2 3 17 15 25
split_gain=17.371 5.97149 6.22608 8.68938 7.43222 7.20974 6.25855 8.05568 7.99611 5.80449 10.4485 7.38778 5.68997 5.60265
threshold=29.345000267028812 58.500000000000007 0 1 2 0.3417262881994248 2686422.0000000005 16.500000000000004 4200909.7500000009 3548.160034179688 21.615000724792484 0.64639705419540416 270099.00000000006 3
decision_type=8 2 9 9 9 8 10 2 8 10 10 8 10 9
left_child=1 2 5 4 -4 -1 7 -7 9 11 -11 12 -9 -2
right_child=13 -3 3 -5 -6 6 -8 8 -10 10 -12 -13 -14 -15
leaf_value=-0.015072868850412894 -0.01528002198852235 0.041386997849493665 -0.015444267006482866 -0.015625203976313489 0.017481270525820311 0.0037235929184215792 -0.011945038806412791 -0.019461954476395506 -0.013838674074513274 0.014454778481669634 0.2198597760644482 0.01343859344790823 0.11659135233434843 0.0027388778645228138
leaf_weight=60.523115683667129 36.473686833590769 4.4701335814606855 17.927807536121691 513.80745366564702 34.927079966146266 44.5880059855117 29.204535273893271 0.63688365346752229 4.5283301520103114 1.3267837864987075 0.48221397658926424 9.2431921498209704 2.9014092809520662 471.99462676496302
leaf_count=156889 43775 10041 43593 1347293 80596 117682 75721 1597 11680 3229 1171 23112 7200 479491
internal_value=-0.00591148 -0.0108776 -0.011259 -0.0135791 0.00557663 -0.00167056 0.00694945 0.0156618 0.0419346 0.0590219 0.127986 0.0406827 0.0932099 0.00117272
internal_weight=1233.04 724.567 720.097 566.662 52.8549 153.434 92.9114 63.7068 19.1188 14.5905 1.809 12.7815 3.53829 508.468
internal_count=2403070 1879804 1869763 1471482 124189 398281 241392 165671 47989 36309 4400 31909 8797 523266
cat_boundaries=0 1 2 3 4
cat_threshold=178632904 840009 22545429 5932545
is_linear=0
shrinkage=0.05


Tree=48
num_leaves=15
num_cat=2
split_feature=27 17 15 15 10 10 11 15 4 17 10 21 18 10
split_gain=6.78727 6.51255 4.74771 5.44658 7.84867 6.20477 6.63587 11.3051 17.241 8.7814 9.13822 7.15953 6.42242 11.9077
threshold=0 27.221646308898929 2860086.5000000005 2686422.0000000005 -473.49999999999994 96.500000000000014 4.5000000000000009 603796.50000000012 2.5000000000000004 0.11040927469730379 914.50000000000011 1 1.0000000180025095e-35 1391.5000000000002
decision_type=9 10 8 8 2 2 2 10 2 8 2 1 2 2
left_child=2 -2 3 5 -5 -1 7 8 -7 10 -10 -8 -13 -14
right_child=1 -3 -4 4 -6 6 11 -9 9 -11 -12 12 13 -15
leaf_value=-0.019812140125046031 -0.0027530161478209795 0.05626539740464518 -0.017856035176921008 0.12934563771285842 0.0083253554217810159 0.1920903052670484 -0.015348986329814497 -0.0036191787612920032 0.18040044190269233 -0.0035374388062431707 -0.019462151582819737 0.00062014786035336454 -0.013248023822217009 0.12045339515069915
leaf_weight=78.410503216724919 786.81406927375917 3.7038758389983277 143.51330607955288 0.67262880085319388 7.5684581517824734 1.0652095588156099 94.243492240166717 18.390012317499703 0.51902180645265572 6.5281203107694754 0.63652343620196916 78.955051734043636 3.0783221890039698 2.2262509531127241
leaf_count=155261 1525025 5719 291806 1366 15329 2182 188163 36008 1026 12740 1253 156751 5962 4252
internal_value=-0.00526297 -0.00237574 -0.010195 -0.00673298 0.0311308 -0.00793687 -0.0033349 0.0192645 0.062803 0.0248227 0.112353 -0.00685901 0.00403284 0.0530699
internal_weight=1226.32 790.518 435.807 292.294 8.24109 284.053 205.642 27.1389 8.74888 7.68367 1.15555 178.503 84.2596 5.30457
internal_count=2402843 1530744 872099 580293 16695 563598 408337 53209 17201 15019 2279 355128 166965 10214
cat_boundaries=0 1 2
cat_threshold=1725700 44
is_linear=0
shrinkage=0.05


Tree=49
num_leaves=15
num_cat=2
split_feature=3 27 28 15 17 3 9 2 3 15 9 15 17 7
split_gain=21.8743 12.8008 7.23373 7.49741 12.7857 8.36028 7.24577 13.1073 12.5063 10.4889 7.36185 6.48447 7.661 5.88438
threshold=29.185000419616703 0 1 329926.00000000006 3.3839365243911748 19.105000495910648 60.500000000000007 235.89500427246097 11.154999732971193 2586883.5000000005 120.50000000000001 4260573.0000000009 0.65799117088317882 1.0000000180025095e-35
decision_type=8 9 9 8 10 10 2 10 10 8 2 8 10 2
left_child=1 2 -1 4 -4 -6 -5 10 11 -10 -8 -9 -13 -3
right_child=-2 13 3 6 5 -7 7 8 9 -11 -12 12 -14 -15
leaf_value=-0.010052700394658621 0.0042048304977937018 -0.015159539737009869 -0.041261981148068755 -0.0053275114795673954 -0.020531803716445057 0.16770821241553324 0.10450667709063816 -0.020171864249673797 0.12471440688715424 0.028266599438213632 0.0041597232716496868 0.12728128869930011 -0.024569630146286894 -0.0024860776142397508
leaf_weight=45.302623116935138 511.33198793183647 462.2894759752071 10.421314270584871 20.257141867681639 0.69629295301274285 0.37795768090290949 0.9415458164003202 5.701434380811409 7.2984425342583537 5.3870752451766757 33.14636022594641 0.9741591418860478 0.96542908975970931 114.70810045153485
leaf_count=119893 534323 1228330 27290 53058 1843 993 2455 15131 18945 14015 86201 2591 2574 295630
internal_value=-0.00367191 -0.00935481 0.00473071 0.0127613 -0.0220077 0.0946206 0.0200204 0.0293827 0.0601729 0.0888148 0.00983085 0.00784667 0.0690517 -0.0124336
internal_weight=1219.8 708.467 131.47 86.1672 11.4956 1.07425 74.6716 54.4144 20.3265 12.6855 34.0879 7.64102 1.93959 576.998
internal_count=2403272 1868949 344989 225096 30126 2836 194970 141912 53256 32960 88656 20296 5165 1523960
cat_boundaries=0 1 2
cat_threshold=144703692 130
is_linear=0
shrinkage=0.05


Tree=50
num_leaves=15
num_cat=4
split_feature=3 27 25 25 27 1 2 15 18 2 2 11 3 16
split_gain=23.9124 8.34947 9.62367 6.51606 5.60013 5.92618 6.27271 5.65798 17.8254 7.16103 7.15017 7.51059 6.66208 9.54959
threshold=29.994999885559086 0 1 2 3 14.185605525970461 400.84500122070318 1946106.5000000002 1.0000000180025095e-35 429.08499145507818 256.47500610351568 16.500000000000004 16.82499980926514 94388.386718750015
decision_type=8 9 9 9 9 2 8 10 2 10 8 2 10 8
left_child=3 -2 -3 4 7 -6 -7 8 9 -1 11 -9 -10 -14
right_child=1 2 -4 -5 5 6 -8 10 12 -11 -12 -13 13 -15
leaf_value=-0.039752076393687129 -0.005448152799494994 -0.015483104353689565 0.011166674960563743 -0.01118707258531957 -0.019294963043702196 0.11542495083173221 -0.0057240133938117749 0.16925338092716805 0.011671565898261104 0.077162076564257179 0.029085886812815182 -0.016597590370903022 0.21486362903334594 -0.015349960556605789
leaf_weight=8.7393234012997709 149.30145035791134 29.509581176187691 310.7669561814613 677.87167484715064 23.41019457005314 0.81339303121785578 2.3864736851246562 1.2803285052068503 1.4317361135908862 0.57268802821636278 7.2166408244811473 0.49658536567585532 0.6989271909696978 0.44272059370996442
leaf_count=20399 157720 29410 295222 1809384 58062 1774 5071 2848 3386 1251 15390 1213 1575 1047
internal_value=-0.00426785 0.00426539 0.00844307 -0.0100253 0.00725781 -0.00747319 0.045222 0.0221328 0.00818506 -0.0257764 0.0600489 0.130041 0.1039 0.160107
internal_weight=1214.94 489.578 340.277 725.361 47.489 26.6101 3.19987 20.879 11.8854 9.31201 8.99355 1.77691 2.57338 1.14165
internal_count=2403752 482352 324632 1921400 112016 64907 6845 47109 27658 21650 19451 4061 6008 2622
cat_boundaries=0 1 2 3 4
cat_threshold=8622190 2778180 1069317 211983122
is_linear=0
shrinkage=0.05


Tree=51
num_leaves=15
num_cat=2
split_feature=3 2 16 25 25 4 11 11 17 17 15 4 9 15
split_gain=21.1149 6.73779 9.67643 7.97738 7.81953 6.475 5.72864 5.47571 10.0773 9.74818 7.98363 8.29979 10.7662 5.39986
threshold=28.57499980926514 1022.404998779297 77485.164062500015 0 1 4.5000000000000009 50.500000000000007 33.500000000000007 2.0746504068374638 1.489439904689789 2467265.0000000005 7.5000000000000009 1787.5000000000002 853613.00000000012
decision_type=8 8 8 9 9 2 2 2 10 10 10 2 2 8
left_child=-1 2 -2 -4 13 -5 7 -6 9 10 11 -9 -13 -3
right_child=1 4 3 5 6 -7 -8 8 -10 -11 -12 12 -14 -15
leaf_value=-0.010296529274409459 0.08190898276910312 0.010386475767431189 0.016545092517368791 -0.037462502560127585 0.0074460431900906293 -0.0080699884125282808 -0.041302736707539624 -0.0080398675152293098 -0.022442248642624389 0.12607238901947476 -0.037109797080318099 0.092835228049915994 -0.0201063741206991 -0.035303556024045835
leaf_weight=679.97887027711943 2.0314556135642121 8.9275694172300728 19.037320252946163 22.835646701164364 333.76828119036054 91.892271609130887 4.7210478231693278 4.9513222619013328 6.2444841383893204 2.406901316266512 2.865360844641951 8.0981262661797029 2.3400359983631853 19.337581125512212
leaf_count=1830353 2101 9451 19508 27030 356973 103012 5545 5363 6885 2533 3085 8366 2400 20841
internal_value=-0.00447309 0.00301124 -0.00655943 -0.0085008 0.00632098 -0.0130646 0.0082613 0.00925089 0.0305707 0.0468889 0.0304432 0.0445177 0.0679716 -0.0156596
internal_weight=1209.44 529.457 135.797 133.765 393.661 114.728 365.396 360.675 26.9062 20.6617 18.2548 15.3895 10.4382 28.2652
internal_count=2403446 573093 151651 149550 421442 130042 391150 385605 28632 21747 19214 16129 10766 30292
cat_boundaries=0 1 2
cat_threshold=4993264 1877440
is_linear=0
shrinkage=0.05


Tree=52
num_leaves=15
num_cat=3
split_feature=3 25 27 9 3 9 2 17 1 3 10 3 27 15
split_gain=15.9908 7.10184 11.6768 10.2265 10.3433 10.5227 8.03432 6.66885 11.1525 7.99329 7.32949 6.73288 6.28385 11.781
threshold=29.994999885559086 0 1 1216.5000000000002 3.9850000143051152 108.50000000000001 361.61499023437506 1.0650073289871218 5.9756271839141855 13.664999961853029 -260.49999999999994 6.8849999904632577 2 64773.500000000007
decision_type=8 9 9 2 10 2 8 8 2 10 2 10 9 8
left_child=1 2 3 4 5 -1 -6 8 9 11 -10 -8 13 -3
right_child=-2 12 -4 -5 6 -7 7 -9 10 -11 -12 -13 -14 -15
leaf_value=-0.00070266934571872779 0.0026970444642047744 0.08419775393758179 -0.01373550307513588 -0.0078571090844685911 -0.021201387455456282 0.18847219124727183 -0.022535505317025768 -0.018820572600866392 -0.016786390199951436 -0.014297427960791404 0.15711719784346445 0.11702589813800224 -0.01261221203275986 -0.002209004774597663
leaf_weight=1.0280656000541122 492.78307494473938 3.0979952383798652 27.590358414920047 9.6729892363073287 4.2052197424345676 1.5158692721161058 0.8198780939565008 2.2055964066239548 0.50501437889761325 4.5989553166728001 2.8622022813069634 1.9932760981027966 546.39777221032989 104.62677371790051
leaf_count=2500 481778 8347 71943 23153 9599 3438 1936 5013 1069 10711 6192 4584 1495042 278487
internal_value=-0.00422244 -0.00901447 0.00733739 0.0254654 0.053672 0.133396 0.0351891 0.0536615 0.068831 0.0272498 0.133164 0.0811084 -0.0104016 0.000940932
internal_weight=1203.9 711.12 56.9974 29.4071 19.7341 2.54393 17.1901 12.9849 10.7793 7.41211 3.36722 2.81315 654.123 107.725
internal_count=2403792 1922014 140138 68195 45042 5938 39104 29505 24492 17231 7261 6520 1781876 286834
cat_boundaries=0 1 2 3
cat_threshold=2560259 67769126 182751369
is_linear=0
shrinkage=0.05


Tree=53
num_leaves=15
num_cat=2
split_feature=3 27 15 3 15 25 3 9 17 1 3 15 15 4
split_gain=15.1687 6.902 8.13435 13.2718 11.9155 9.65074 9.93573 8.63304 9.22116 14.8012 7.71883 9.15068 7.31575 7.12089
threshold=29.875000000000004 0 2860086.5000000005 18.365000724792484 2412908.0000000005 1 12.055000305175783 1145.5000000000002 0.23944397270679477 6.1158258914947519 24.554999351501468 2617564.0000000005 3604368.5000000005 19.500000000000004
decision_type=8 9 10 10 8 9 10 2 10 2 10 10 10 2
left_child=1 2 3 -1 7 6 12 13 -9 -10 11 -6 -4 -5
right_child=-2 -3 5 4 10 -7 -8 8 9 -11 -12 -13 -14 -15
leaf_value=-0.0046247246756545299 0.0044361257017589105 -0.0099612219382783015 -0.018356279121645745 -0.011312318706620736 0.15923471369426959 -0.020398152511147766 0.0011260375830055012 -0.0064618030322834107 0.19414464566993106 0.039537490144478563 0.01822898477393374 -0.0023652085165222891 0.1487152406086629 0.048882649900863301
leaf_weight=84.914820249396143 499.96348668020551 502.02255783055421 0.57968091877410222 24.835779692890359 2.8231999303388871 51.463723997439956 3.8881640029430855 5.8879465831269071 1.0478814202651836 10.166320273245217 3.396015767211793 1.0988555148360317 2.0191609971807338 5.0667838707158799
leaf_count=229980 490276 1384004 1373 66249 7521 140127 9157 15757 2707 26801 9063 2889 4696 13053
internal_value=-0.00220897 -0.00696003 0.00113765 0.00774034 0.0268031 -0.0143958 0.0243325 0.0166413 0.0438934 0.0686965 0.0822254 0.122677 0.116704 0.000139079
internal_weight=1199.17 699.211 197.188 139.238 54.3228 57.9507 6.48701 47.0047 17.1021 11.2142 7.31807 3.92206 2.59884 29.9026
internal_count=2403653 1913377 529373 374020 144040 155353 15226 124567 45265 29508 19473 10410 6069 79302
cat_boundaries=0 1 2
cat_threshold=144740942 1861891
is_linear=0
shrinkage=0.05


Tree=54
num_leaves=15
num_cat=1
split_feature=3 25 3 3 3 9 3 15 17 16 3 9 3 17
split_gain=7.99222 9.32621 5.81149 5.42041 7.77756 6.33103 5.5336 7.9819 12.0584 11.3031 11.7675 12.2182 5.81729 11.0428
threshold=29.994999885559086 0 29.994999885559086 2.7150000333786015 3.6350001096725468 1098.5000000000002 24.914999961853031 1813769.5000000002 0.16387625783681872 1944.5740356445315 7.8550000190734872 -195.49999999999997 19.945000648498539 0.17246031761169436
decision_type=8 9 10 10 10 2 10 10 10 8 10 2 10 10
left_child=1 3 -2 -1 5 -5 7 12 9 -9 -11 -12 -6 -14
right_child=2 -3 -4 4 6 -7 -8 8 -10 10 11 -13 13 -15
leaf_value=-0.032949213864331049 0.00015962831233053506 -0.0091879346266496766 0.052646710270754904 0.14418027670959982 -0.014731146907849138 -0.018066973376148685 -0.02027560902321484 -0.00016946293553004007 0.014156025827591338 -0.020701818221530745 -0.017455537407201863 0.21017692868198956 -0.034199440962664085 0.096101333127182526
leaf_weight=4.8585606392880427 491.88971346354799 645.37987777101898 4.3310212494135376 1.059814344276673 16.002708093816185 0.56541444925824169 9.0859314769622852 2.0093085418338914 12.244272213254588 0.70606230545672621 0.53595793343265619 2.4589583124034102 2.1616130745678666 2.7640925573068671
leaf_count=11605 479933 1793463 1664 2437 39485 1425 21769 4689 26898 1687 1173 5507 5355 6540
internal_value=-0.00413122 -0.00756904 0.000722697 0.0110942 0.0181678 0.102354 0.0132836 0.0214372 0.0449412 0.0990053 0.141431 0.175268 0.000143171 0.0427981
internal_weight=1196.05 699.833 496.221 54.4527 49.5941 1.62523 47.9689 38.883 17.9546 5.71029 3.70098 2.99492 20.9284 4.92571
internal_count=2403630 1922033 481597 128570 116965 3862 113103 91334 39954 13056 8367 6680 51380 11895
cat_boundaries=0 1
cat_threshold=938241
is_linear=0
shrinkage=0.05


Tree=55
num_leaves=15
num_cat=2
split_feature=3 3 27 27 9 0 0 4 15 15 17 10 10 9
split_gain=15.9828 7.06068 7.02591 6.84957 6.15977 6.03369 9.27225 7.99296 19.8805 15.7755 14.8186 7.31533 7.55323 8.06561
threshold=29.314999580383304 29.994999885559086 0 1 2204.5000000000005 405.57499694824224 125476.46875000001 21.500000000000004 2220592.0000000005 733552.50000000012 1.0293657183647158 1802.5000000000002 1653.5000000000002 589.50000000000011
decision_type=8 10 9 9 2 2 2 2 8 10 8 2 2 2
left_child=3 2 4 -1 -2 -4 -7 11 9 -9 -11 12 -8 -14
right_child=1 -3 5 -5 -6 6 7 8 -10 10 -12 -13 13 -15
leaf_value=-0.0013765635916444452 -0.0066393363038045302 0.061026530913157309 0.018647395625386792 -0.011777153306886086 0.040717105953406385 -0.0051920371197394753 0.011065868605425298 0.0071208082077611479 -0.028965556858064258 0.2340551120041782 0.015657079457078841 -0.022871433943199612 -0.0046647218881537764 0.11057053024930497
leaf_weight=279.9041851540386 171.7812772231409 4.3778638917800654 91.421683476975886 394.33213392208631 6.1618595793552222 133.86215205409098 80.801417159178527 2.4987365274282611 3.743536786030746 1.8159500244946687 1.2833542028674854 13.715369609446496 2.3055968586413647 3.0468745779071469
leaf_count=761914 195587 1654 84736 1115358 6864 135296 75749 2279 3484 1609 1109 12900 2080 2671
internal_value=-0.00259653 0.00401476 0.00340978 -0.00766266 -0.00452804 0.00754355 0.00361708 0.0143637 0.0563118 0.109086 0.169501 0.00992064 0.0153435 0.0680122
internal_weight=1191.05 516.816 512.438 674.236 177.943 334.495 243.073 109.211 9.34158 5.59804 3.0993 99.8693 86.1539 5.35247
internal_count=2403290 526018 524364 1877272 202451 321913 237177 101881 8481 4997 2718 93400 80500 4751
cat_boundaries=0 1 2
cat_threshold=146068940 182526702
is_linear=0
shrinkage=0.05


Tree=56
num_leaves=15
num_cat=3
split_feature=3 25 3 3 21 22 3 2 10 2 15 5 3 17
split_gain=13.4493 6.95935 6.9102 8.40753 6.27072 6.27657 7.57106 6.87634 11.3069 7.6822 6.48638 6.28335 6.08113 5.93681
threshold=29.875000000000004 0 2.7150000333786015 24.914999961853031 1 2 11.105000019073488 2633.329956054688 -10.499999999999998 2310.3100585937505 4260573.0000000009 2.5000000000000004 2.9050000905990605 3.5715924501419072
decision_type=8 9 10 10 1 1 10 8 2 10 10 2 10 10
left_child=1 2 -1 -4 5 -3 11 8 10 -10 -8 12 -7 -9
right_child=-2 4 3 -5 -6 6 7 13 9 -11 -12 -13 -14 -15
leaf_value=-0.03766137389801627 0.0028611370642626262 -0.011608623821701395 0.01878933487380556 -0.024564898357265868 -0.012060470900369671 0.082918712375237527 0.15917040505997115 5.3452243925557734e-05 0.0021253383629562779 0.13038543843718695 -0.015368225551976809 -0.026887586747298686 -0.0045004278688078291 0.051279624386616873
leaf_weight=7.0929337241104795 503.51709691439055 43.679456349840621 60.763974354049424 12.75052160056657 494.83665996699926 2.0090976488719177 2.1073338594869706 23.964844205736885 7.6303937550401297 0.38588255818467576 0.44353675667662162 16.294433064846089 5.5913540267210919 6.4041099009336895
leaf_count=18146 489485 123518 149532 32808 1404176 5859 5931 68276 21305 1078 1273 47042 16323 18209
internal_value=-0.0033376 -0.00789854 0.00565383 0.0110411 -0.00964939 0.00144385 0.0106461 0.0250969 0.0580482 0.0220758 0.133041 -0.00984777 0.0255622 0.0121462
internal_weight=1187.47 683.955 80.6074 73.5145 603.347 108.51 64.831 40.9361 10.5671 8.01628 2.55087 23.8949 7.60045 30.369
internal_count=2402961 1913476 200486 182340 1712990 308814 185296 116072 29587 22383 7204 69224 22182 86485
cat_boundaries=0 1 2 3
cat_threshold=3883333 36 40
is_linear=0
shrinkage=0.05


Tree=57
num_leaves=15
num_cat=4
split_feature=3 15 25 16 10 17 25 15 10 27 27 4 15 4
split_gain=10.7039 6.81392 13.2973 14.6512 12.0575 11.5687 9.99163 7.94636 6.65019 8.94794 8.7679 11.3133 10.7808 15.078
threshold=29.994999885559086 2220592.0000000005 0 916.64404296875011 1149.5000000000002 0.17846813052892688 1 5165966.5000000009 -295.49999999999994 2 3 4.5000000000000009 839854.00000000012 9.5000000000000018
decision_type=8 8 9 8 2 10 9 10 2 9 9 2 8 2
left_child=-1 6 3 -3 7 -6 -2 -5 10 -10 11 -8 13 -13
right_child=1 2 -4 4 5 -7 8 -9 9 -11 -12 12 -14 -15
leaf_value=-0.0073475606916289645 -0.017688952104439805 -0.028782245753189467 -0.0095405607712066437 0.047347608334173008 0.024193137171624961 0.16157700180012624 -0.01207140073972594 -0.037887768282784395 -0.0054753020442972374 0.014198520770768578 -0.0055443419467201948 0.20138206467080222 0.029471714799665712 0.057708138986500748
leaf_weight=683.31154009336092 27.635969367085377 6.0512295368526932 179.04715565800339 7.726578175949288 3.0406256218647814 3.2525801982679621 4.2666663838206196 3.1108704451488505 88.826526916368181 140.73483463366048 18.216369657720513 2.3806957856257878 8.4304731802620161 6.8875352582367331
leaf_count=1919782 27887 5946 178648 7365 2786 2837 3974 2804 87312 130357 16570 2092 7276 5925
internal_value=-0.00328491 0.00227514 -0.00479164 0.0245556 0.0574886 0.107617 0.00708078 0.0217472 0.00995995 0.00697354 0.0288564 0.0409625 0.0756159 0.110631
internal_weight=1182.92 499.608 202.229 23.1819 17.1307 6.29321 297.379 10.8374 269.743 229.561 40.1817 21.9654 17.6987 9.26823
internal_count=2401561 481779 200386 21738 15792 5623 281393 10169 253506 217669 35837 19267 15293 8017
cat_boundaries=0 1 2 3 4
cat_threshold=15729630 15992649 10016344 92981362
is_linear=0
shrinkage=0.05


Tree=58
num_leaves=15
num_cat=6
split_feature=27 21 27 25 15 0 27 15 10 15 15 0 0 25
split_gain=5.49805 5.54266 11.2963 9.93615 9.35343 9.91317 8.96616 9.02048 12.3951 7.90634 7.61904 7.50199 7.48967 12.2928
threshold=0 1 2 3 4081691.0000000005 401285.50000000006 4 47808.500000000007 36.500000000000007 3962790.5000000005 1856905.0000000002 126.9650001525879 308.69000244140631 5
decision_type=9 1 9 9 10 2 9 10 2 8 8 2 2 9
left_child=-1 2 9 4 10 -6 -3 8 -8 -2 -4 -5 -9 -14
right_child=1 6 3 11 5 -7 7 12 -10 -11 -12 -13 13 -15
leaf_value=-0.0092755171918588886 0.0094725533180674941 0.014590948785619499 0.020657755502116251 0.020405460094190499 0.098281926261628585 -0.018956660768383066 -0.020959995623576155 0.013389535560351157 0.054642061366327925 -0.012393632864027735 -0.031714270458200515 -0.01728623085982027 0.027339718073640298 -0.0092524314869981174
leaf_weight=213.49553910618033 171.24197455953453 118.21347503271431 18.096386686129815 13.195987191800326 4.7310772613350496 2.2184591494222108 7.5996527901553774 56.543648407292665 14.763248983129783 53.460183550689408 9.9155389142929433 226.48598201432253 14.852153935035529 255.0380975710658
leaf_count=447104 344323 249105 34505 26448 8626 3883 15240 108544 30108 109537 18584 470240 28175 508872
internal_value=-0.00223198 -0.000566138 -0.00418447 -0.0108252 0.0119787 0.0631798 0.00330999 -0.000842526 0.0291525 0.00405856 0.00166518 -0.0145312 -0.00300588 -0.00647756
internal_weight=1179.85 966.356 499.346 274.643 34.9615 6.94954 467.01 348.797 22.3629 224.702 28.0119 239.682 326.434 269.89
internal_count=2403294 1956190 1016146 562286 65598 12509 940044 690939 45348 453860 53089 496688 645591 537047
cat_boundaries=0 1 2 3 4 5 6
cat_threshold=1578241 26 88391864 13562628 2238532 527569
is_linear=0
shrinkage=0.05


Tree=59
num_leaves=15
num_cat=5
split_feature=3 25 27 3 3 28 17 27 0 0 15 3 27 9
split_gain=9.42563 5.04075 6.58649 6.28768 5.60811 5.16802 10.2459 6.84519 6.65646 6.66896 7.82889 5.7818 5.19731 12.8369
threshold=29.875000000000004 0 1 3.1049998998641972 3.6350001096725468 2 27.221646308898929 3 425.46499633789068 386.02000427246099 866998.00000000012 18.365000724792484 4 1831.5000000000002
decision_type=8 9 9 10 10 9 10 9 2 2 10 10 9 2
left_child=1 2 3 -1 -5 6 7 11 9 -9 -11 -3 13 -7
right_child=-2 5 -4 4 -6 12 -8 8 -10 10 -12 -13 -14 -15
leaf_value=-0.032097084272568237 0.0020128430934836872 -0.02782227471350205 -0.010544462234634245 0.11111465407258228 0.020523198204194709 -0.0051238116951444722 0.092917721219088534 0.016802151951720318 -0.0010607776740027056 -0.020848233405380029 0.14425627409726613 0.00093982370309894701 -0.014020817231852698 0.078329419377137166
leaf_weight=4.580094445263966 505.01355429991168 44.05685977672718 33.337511852296302 0.86188876506639545 40.816763217007974 29.07111260545183 1.7984962332411658 18.455639920546677 122.57914462985354 0.71474068929091972 1.316411251114914 28.436842428694945 341.81703009959892 4.4540815766958977
leaf_count=11075 489880 131621 88861 1815 93228 81698 3603 53277 354644 2090 3855 82868 993069 12405
internal_value=-0.00314715 -0.00702045 0.00461914 0.0154735 0.0249562 -0.00852297 -0.0020655 -0.00337877 0.00320781 0.0291018 0.0984469 -0.0146828 -0.0120972 0.00613442
internal_weight=1177.31 672.297 79.5963 46.2587 41.6787 592.7 217.358 215.56 143.066 20.4868 2.03115 72.4937 375.342 33.5252
internal_count=2403989 1914109 194979 106118 95043 1719130 631958 628355 413866 59222 5945 214489 1087172 94103
cat_boundaries=0 1 2 3 4 5
cat_threshold=2052417 204100390 9 29209361 44349449
is_linear=0
shrinkage=0.05


Tree=60
num_leaves=15
num_cat=2
split_feature=3 4 17 17 15 15 5 25 3 25 4 0 0 3
split_gain=11.8675 6.4839 10.2301 8.62503 9.47382 9.94714 8.40393 11.3911 9.9972 8.46318 10.0515 15.2792 7.89747 10.9776
threshold=10.934999942779543 21.500000000000004 0.048646816983819015 0.19049641489982608 2823326.5000000005 2357848.5000000005 2.5000000000000004 0 11.114999771118166 1 16.500000000000004 18159.535156250004 6374.8750000000009 20.394999504089359
decision_type=8 2 8 8 10 10 2 9 8 9 2 2 2 8
left_child=-1 6 -3 -4 5 12 9 -8 -9 10 -2 -12 -5 -14
right_child=1 2 3 4 -6 -7 7 8 -10 -11 11 -13 13 -15
leaf_value=-0.011591027955441605 0.0045432227963340815 0.078163745612631605 -0.021639803917725024 -0.0014812856212546327 -0.013094575180897908 0.10456667121777408 0.022068808622756148 0.087494334568830864 -0.00016933295779551243 -0.010247288970285668 0.13847672197254451 -0.018637566855985391 -0.022374036986866724 0.062245308663610756
leaf_weight=241.02123252773794 16.404876838330551 4.8503054200226634 16.605025179708946 18.565383744854916 16.594084300580569 3.2044632223640681 57.648124044695969 2.2725678457645122 522.33956601540876 249.10182098363413 2.9783170159983046 2.1856497062606888 4.4266947507567247 15.474522190528436
leaf_count=701998 29229 8453 29067 33304 30746 5777 98617 6513 953361 463889 4880 3676 12160 21882
internal_value=-0.00172531 0.000833927 0.0143784 0.00927048 0.0182961 0.0308103 -0.000447387 0.00293642 0.000369134 -0.00771056 0.01752 0.0797427 0.0221722 0.0432532
internal_weight=1173.67 932.651 79.7205 74.8702 58.2651 41.6711 852.931 582.26 524.612 270.671 21.5688 5.16397 38.4666 19.9012
internal_count=2403552 1701554 141389 132936 103869 73123 1560165 1058491 959874 501674 37785 8556 67346 34042
cat_boundaries=0 1 2
cat_threshold=15274812 1128513
is_linear=0
shrinkage=0.05


Tree=61
num_leaves=15
num_cat=6
split_feature=5 27 25 16 25 27 1 25 16 17 18 10 27 11
split_gain=7.1703 11.9887 7.99092 7.47199 6.50256 6.47571 8.37415 6.09537 6.97456 6.53374 6.3762 5.89155 11.4364 6.95146
threshold=5.5000000000000009 0 1 13085184.000000002 2 3 5.3253488540649423 4 7125629.0000000009 0.10519625991582872 1.5000000000000002 1469.5000000000002 5 27.500000000000004
decision_type=2 9 9 8 9 9 2 9 10 10 2 2 9 2
left_child=5 4 -3 -4 -2 6 -1 8 -8 -10 -9 -7 -13 -14
right_child=1 2 3 -5 -6 11 7 10 9 -11 -12 12 13 -15
leaf_value=-0.027969339903848131 0.01869804706231384 -0.016069286820997279 0.0274710788653275 -0.021539993745402278 -0.0099648196938225912 -0.009793990002573711 -0.032749753698712553 0.007822671970602128 -0.028760342621105557 0.092788566888429375 0.09684389051708206 0.011673978056978892 -0.020666432845919382 0.01461828472084448
leaf_weight=19.394831739086328 13.737878886050844 11.092267574125348 89.954831463965604 7.7740427934929803 111.29486807872161 522.08344935378295 19.246411933971853 190.84862417184709 1.3520288100116884 1.4507617617888464 1.0427322792548057 97.573929164329769 67.099348468181603 16.787522874435354
leaf_count=39615 24497 22033 173898 15372 230491 1088521 37935 395175 2781 2771 1982 194722 138189 34715
internal_value=-0.00271354 0.00510331 0.0163129 0.0212421 -0.00555819 -0.00466806 0.00255738 0.00556101 -0.015229 0.0420106 0.00837194 -0.00700157 0.000658454 -0.0120917
internal_weight=1170.73 233.854 108.821 97.7289 125.033 936.88 233.335 213.941 22.0492 2.80279 191.891 703.544 181.461 83.8869
internal_count=2402697 466291 211303 189270 254988 1936406 480259 440644 43487 5552 397157 1456147 367626 172904
cat_boundaries=0 1 2 3 4 5 6
cat_threshold=102571972 3572366 14835993 195105998 14880409 73138960
is_linear=0
shrinkage=0.05


Tree=62
num_leaves=15
num_cat=1
split_feature=9 11 17 17 3 21 17 9 3 9 17 17 9 11
split_gain=7.39916 7.32557 7.56444 11.5151 6.61505 5.37655 8.5302 7.02314 12.8207 9.28474 7.14354 8.42729 10.8591 6.21206
threshold=2471.5000000000005 27.500000000000004 1.161176383495331 0.3022757768630982 29.185000419616703 0 1.8431612253189089 48.500000000000007 28.335000038146976 216.50000000000003 0.13616921007633212 0.14697290211915973 978.50000000000011 31.500000000000004
decision_type=2 2 8 10 8 1 10 2 8 2 10 10 2 2
left_child=4 2 3 -2 5 7 -7 8 -1 -9 -11 12 -12 -13
right_child=1 -3 -4 -5 -6 6 -8 9 -10 10 11 13 -14 -15
leaf_value=-0.024107893791327661 -0.0011533646965107335 -0.016364118785632695 -0.021529174093175625 0.20287850851791209 0.0016517599473697764 -0.0049065997203677257 -0.020770739563636967 0.065545816038763416 0.11225061391553007 -0.02052093086413382 0.1929284127476586 0.017393146243410082 -0.020843927292462212 -0.030764344035468957
leaf_weight=27.947337633144389 1.0462664794466752 1.970817012188373 0.75443725043442089 0.97699336492223654 520.1627853991132 427.94131098091054 104.99661558360094 6.3554043711046679 0.84889789929729786 17.646636047953507 0.44072127022081875 49.437198669940699 0.71447959507349879 6.7917167674750081
leaf_count=80835 1720 3879 1327 1481 532665 1234585 311330 18173 2414 50482 1262 142119 2073 19392
internal_value=-0.00226184 0.0543346 0.0955497 0.131887 -0.00253934 -0.00592645 -0.00791684 0.00403462 -0.0164558 0.011886 0.00653851 0.0150687 0.112388 0.0111404
internal_weight=1168.03 4.74851 2.7777 2.02326 1163.28 643.12 532.938 110.182 28.7962 81.3862 75.0308 57.3841 1.1552 56.2289
internal_count=2403737 8407 4528 3201 2395330 1862665 1545915 316750 83249 233501 215328 164846 3335 161511
cat_boundaries=0 1
cat_threshold=48
is_linear=0
shrinkage=0.05


Tree=63
num_leaves=15
num_cat=3
split_feature=4 27 9 4 25 9 9 0 17 11 0 5 4 25
split_gain=5.14285 12.9375 7.51802 9.17247 7.9188 7.65715 10.8404 14.2518 10.4983 9.50287 7.36064 8.69258 6.34615 6.55429
threshold=16.500000000000004 0 1764.5000000000002 18.500000000000004 1 966.50000000000011 1262.5000000000002 50538.349609375007 0.020978462882339958 37.500000000000007 418.84500122070318 2.5000000000000004 21.500000000000004 2
decision_type=2 9 2 2 9 2 2 2 8 2 2 2 2 9
left_child=-1 2 3 -2 -5 8 7 9 -6 -7 11 -3 13 -12
right_child=1 10 -4 4 5 6 -8 -9 -10 -11 12 -13 -14 -15
leaf_value=-0.0041400631484447966 0.036426602671650279 0.053159466662138236 -0.011080873944866045 -0.019039906240749152 0.1145134958864881 0.010247264887416986 0.011460988478212437 0.15694321737310041 0.0015462315236725789 0.14834787792648521 0.015370916482835338 -0.0036853397061676878 0.004772348989208597 -0.021232137261724168
leaf_weight=817.15035351934364 42.949727541294408 9.1743058129717792 27.237928749169953 13.207755360768322 1.1272159590466864 8.1241186666505882 19.327087221726583 2.6236815554136639 62.976364716189586 0.51240505933731917 8.8813235074543364 19.493364454856096 40.963052399526688 91.429305277593429
leaf_count=1703921 86879 17074 55094 25545 2169 16717 39527 5115 128940 1029 16984 35633 81311 187561
internal_value=-0.00197364 0.0031103 0.0121065 0.0171361 0.00919336 0.0138333 0.0354427 0.0723129 0.00526111 0.0329849 -0.00665188 0.0156849 -0.0117305 -0.0184502
internal_weight=1165.18 348.028 178.086 150.848 107.899 94.6909 30.5873 11.2602 64.1036 8.63652 169.941 28.6677 141.274 100.311
internal_count=2403499 699578 361015 305921 219042 193497 62388 22861 131109 17746 338563 52707 285856 204545
cat_boundaries=0 1 2 3
cat_threshold=194677656 5389638 6626913
is_linear=0
shrinkage=0.05


Tree=64
num_leaves=15
num_cat=4
split_feature=3 28 17 23 27 25 17 15 15 17 3 15 3 4
split_gain=8.46003 6.58665 8.28512 8.7313 6.30491 7.54662 6.22666 7.56171 11.4064 14.9936 10.7991 10.8623 19.0536 6.66302
threshold=29.185000419616703 0 27.221646308898929 1 2 3 0.062918588519096388 3747567.0000000005 1556050.0000000002 0.055905429646372802 17.244999885559086 2168140.0000000005 24.244999885559086 11.500000000000002
decision_type=8 9 10 9 9 9 8 10 10 10 10 10 8 2
left_child=1 2 3 -1 -2 -6 7 8 9 -5 13 12 -12 -10
right_child=4 -3 -4 6 5 -7 -8 -9 10 -11 11 -13 -14 -15
leaf_value=0.014244899218867436 -0.0057503694566804894 -0.012542882083150041 0.079606647067201067 -0.020756111112269836 -0.015130097312871203 0.0082240257153268683 -0.0077635473546007628 -0.029438231613577656 -0.035387623851080019 0.10404409392811087 0.28500324631734131 0.030143240686571315 -0.018162954760510826 0.063286813193684108
leaf_weight=55.137230132706442 154.91381744780165 233.17236977312132 2.0858328258036627 12.670467726886963 29.099901910469331 338.14879640297539 320.86407573547331 6.2895137152518137 2.4188651217846182 1.9210262368724205 0.79098374978639197 2.1189265068969689 0.57018110447097581 2.530449506448349
leaf_count=154750 175965 690429 3961 36579 31184 327219 936912 17848 7074 5622 2199 5905 1632 7085
internal_value=-0.00221621 -0.00606279 -0.00197678 -0.00264017 0.0025052 0.00598731 -0.00557861 0.0159667 0.0290808 0.00129364 0.0719427 0.128554 0.204101 0.0172197
internal_weight=1162.73 640.57 407.398 405.312 522.163 367.249 350.174 29.3104 23.0209 14.5915 8.42941 3.48009 1.36116 4.94931
internal_count=2404364 1869996 1179567 1175606 534368 358403 1020856 83944 66096 42201 23895 9736 3831 14159
cat_boundaries=0 1 2 3 4
cat_threshold=89 20 42128492 3081298
is_linear=0
shrinkage=0.05


Tree=65
num_leaves=15
num_cat=3
split_feature=3 3 9 9 2 4 28 27 25 15 3 15 3 15
split_gain=7.87779 5.40546 7.60337 9.94122 9.7993 5.4159 9.43861 8.9897 8.83633 12.297 13.8336 17.3206 22.7517 8.25901
threshold=10.934999942779543 11.454999923706056 108.50000000000001 1436.5000000000002 425.46000671386724 16.500000000000004 0 1 2 1024790.5000000001 20.394999504089359 2651340.5000000005 25.164999961853031 5878690.0000000009
decision_type=8 8 2 2 8 2 9 9 9 10 10 8 10 10
left_child=-1 2 -2 4 -4 6 -3 -8 9 -7 13 12 -12 -11
right_child=1 5 3 -5 -6 8 7 -9 -10 10 11 -13 -14 -15
leaf_value=-0.010373438273349314 -0.026725294455938076 -0.011910642661049952 -0.02586268683804915 -0.013611554876820215 0.12017996175828893 -0.0054890055773284697 0.012809582243993617 -0.0030681721325633692 0.0015752398052676902 0.01031490478668594 0.3131880823110702 0.016144789774623872 0.0030952923206005404 0.10232215580289999
leaf_weight=233.59082164257484 3.2939758316206271 194.8890485267483 1.0706301923491972 3.1206478629610501 4.2880583676160313 10.221603590015251 109.12920458315824 336.01131943042975 247.64493637921615 10.595377287361776 0.92731974809430529 2.0219277293674542 0.88254744291934661 2.281586677156155
leaf_count=700942 9438 373317 2923 8885 12160 16680 194640 615952 443240 13418 2257 4930 2204 2794
internal_value=-0.00218878 -0.000116016 0.0321859 0.0554763 0.0915231 -0.000566523 -0.00308591 0.0010394 0.005296 0.0277355 0.0628849 0.136229 0.216893 0.0328158
internal_weight=1159.97 926.378 11.7733 8.47934 5.35869 914.605 640.03 445.141 274.575 26.9304 16.7088 3.83179 1.80987 12.877
internal_count=2403780 1702838 33406 23968 15083 1669432 1183909 810592 485523 42283 25603 9391 4461 16212
cat_boundaries=0 1 2 3
cat_threshold=22 2425451 9753224
is_linear=0
shrinkage=0.05


Tree=66
num_leaves=15
num_cat=3
split_feature=10 17 11 11 10 16 21 25 23 17 1 3 3 10
split_gain=4.97012 7.33318 7.906 12.0846 9.67317 6.17142 4.83771 6.6268 7.06064 7.49251 8.10368 7.96705 13.2836 10.7927
threshold=2239.5000000000005 1.5173405408859255 17.500000000000004 9.5000000000000018 2346.5000000000005 2823.0537109375005 0 1 2 0.82322451472282421 13.087837696075441 13.135000228881838 24.744999885559086 -10.499999999999998
decision_type=2 10 2 2 2 10 1 9 9 10 2 10 10 2
left_child=6 -2 3 -3 -5 -4 -1 -8 9 10 -9 -12 13 -13
right_child=1 2 5 4 -6 -7 7 8 -10 -11 11 12 -14 -15
leaf_value=-0.0067576190831686936 0.0033958875089941153 -0.023765594839871469 0.056672553834816952 0.22209394681297515 0.0062275044999464896 -0.035886443868758132 -0.011765554086951324 -0.003095804837914066 -0.00013498985223913348 0.041907266407836638 0.0098823298246529141 0.23029295888732509 -0.028888744337818347 0.041119873939705023
leaf_weight=388.74673296022422 27.071606334420355 0.90384118229260946 2.7485469459463836 1.0212075745003195 0.77798284223536041 2.5358808983335903 90.91553779741821 44.79851170027974 563.140680373539 20.752062187143594 9.012613958650034 0.78379182412754778 1.3660475028540355 2.2918429939891221
leaf_count=817751 51784 1665 5319 1806 1495 4987 185816 85967 1180287 41222 14136 2066 3519 5958
internal_value=-0.00175823 0.0165174 0.0556636 0.111996 0.164323 0.0136129 -0.00234358 9.39989e-05 0.00194296 0.0149607 0.00734087 0.0399017 0.0878042 0.134005
internal_weight=1156.87 35.0591 7.98746 2.70303 1.79919 5.28443 1121.81 733.061 642.146 79.0049 58.2528 13.4543 4.44168 3.07563
internal_count=2403778 67056 15272 4966 3301 10306 2336722 1518971 1333155 152868 111646 25679 11543 8024
cat_boundaries=0 1 2 3
cat_threshold=8 9872557 20
is_linear=0
shrinkage=0.05


Tree=67
num_leaves=15
num_cat=2
split_feature=5 25 3 15 10 4 28 4 17 11 17 3 8 16
split_gain=6.01196 8.77379 7.21609 26.1483 12.956 8.72966 8.28912 8.44723 12.9066 7.57652 7.52455 9.13209 9.24778 8.1063
threshold=5.5000000000000009 0 3.9050000905990605 866998.00000000012 -145.49999999999997 2.5000000000000004 1 22.500000000000004 1.0467408895492556 3.5000000000000004 0.060593852773308761 27.695000648498539 1.0000000180025095e-35 666126.18750000012
decision_type=2 9 8 8 2 2 9 2 10 2 8 8 2 8
left_child=-1 -2 3 4 -3 -6 7 -4 -9 -5 -8 -12 -13 -14
right_child=1 2 6 9 5 -7 10 8 -10 -11 11 12 13 -15
leaf_value=-0.0043593766899250085 -0.020421566215478987 -0.023691496151974287 -0.015899655462594003 0.06165449073749988 -0.015761574710649259 0.18326399999233398 0.050526568844381885 -0.029873921691044632 0.14890073842343707 -0.02838168222037607 -0.0050568633615044184 0.016218607941583928 0.132574880791753 -0.0075644853286971131
leaf_weight=922.87822924474597 21.093929921879976 0.89993498908006575 54.65934691754304 2.1343415268347607 0.46011656321915717 3.2867395415378269 10.932406897217325 1.4816581003833562 1.0108264945209617 8.2447918796678987 61.27584372030104 63.122879466951424 2.2852573095637885 1.3543682748161461
leaf_count=1938191 42892 2652 111528 6349 1362 9522 20109 2867 1920 24329 171733 67607 1961 1247
internal_value=-0.00255033 0.00462629 0.00780764 0.0404621 0.127077 0.160652 0.00550932 -0.00967968 0.0645033 -0.00607573 0.0116403 0.00885625 0.0215121 0.0900359
internal_weight=1155.12 232.242 211.149 15.0259 4.64679 3.74686 196.123 57.1518 2.49248 10.3791 138.971 128.038 66.7625 3.63963
internal_count=2404269 466078 423186 44214 13536 10884 378972 116315 4787 30678 262657 242548 70815 3208
cat_boundaries=0 1 2
cat_threshold=1903686 10
is_linear=0
shrinkage=0.05


Tree=68
num_leaves=15
num_cat=1
split_feature=3 16 27 7 2 10 3 0 15 17 17 2 9 9
split_gain=9.83646 7.34653 10.4384 9.13712 11.961 8.67521 8.6411 10.6486 8.26591 11.8641 11.0109 8.96528 7.86669 7.83771
threshold=10.934999942779543 2371.9877929687505 0 1.0000000180025095e-35 865.48498535156261 786.50000000000011 3.5649999380111699 6033.1950683593759 994511.00000000012 0.41003353893756872 0.065507441759109511 3303.924926757813 -300.49999999999994 2185.5000000000005
decision_type=8 10 9 2 8 2 10 2 10 8 10 8 2 2
left_child=1 -1 3 4 -3 -5 7 -7 11 10 -10 -6 -12 -4
right_child=-2 2 13 5 8 6 -8 -9 9 -11 12 -13 -14 -15
leaf_value=-0.019905037875947437 0.001293310739789894 -0.030563336679865188 -0.016107296618804931 0.0086327381618208198 0.069439975218321473 -0.014931963500760323 0.032281915912795889 0.22966944360708041 -0.0080500566965115948 0.013521316212711168 -0.015802736241398128 -0.042256270047765603 0.17281419706662049 0.052850179028019639
leaf_weight=105.27131382821273 921.3754368492846 11.851511568762364 81.573725615482545 4.1153386785590538 1.5115102813870205 0.42558244598330908 2.6454242738836911 0.96653992938809097 1.3832271127903339 8.4435052608314436 0.46188356130733188 5.4454733825696167 2.8146246671385597 3.3747494081908362
leaf_count=320079 1702577 34777 250455 11881 4558 1218 7575 2585 4178 26484 1444 17017 8668 10290
internal_value=-0.00101953 -0.0102388 -0.00200574 0.0165689 0.00771383 0.0647018 0.108793 0.17991 0.0307053 0.052798 0.109004 -0.0123115 0.148747 -0.0114523
internal_weight=1151.66 230.284 125.013 40.0646 31.9117 8.15289 4.03755 1.39212 20.0602 13.1032 4.65974 6.95698 3.27651 84.9485
internal_count=2403786 701209 381130 120385 97126 23259 11378 3803 62349 40774 14290 21575 10112 260745
cat_boundaries=0 1
cat_threshold=76188162
is_linear=0
shrinkage=0.05


Tree=69
num_leaves=15
num_cat=3
split_feature=25 27 0 0 5 3 0 15 10 23 10 9 2 15
split_gain=10.0015 6.60133 9.0755 8.82934 7.69191 7.30688 9.5036 10.7863 8.6169 7.16618 10.5472 8.04463 7.68953 7.85814
threshold=0 1 230.20000457763675 458.39500427246099 2.5000000000000004 8.5450000762939471 438.84500122070318 1835644.0000000002 -31.499999999999996 2 -1.0000000180025095e-35 732.50000000000011 475.72500610351568 1813769.5000000002
decision_type=9 9 2 2 2 8 2 10 2 9 2 2 10 10
left_child=-1 2 -2 5 -5 -3 -7 -8 -9 10 11 -4 13 -12
right_child=1 3 9 4 -6 6 7 8 -10 -11 12 -13 -14 -15
leaf_value=-0.01553954094238701 -0.01749375129408302 -0.01815802526248813 0.019180814969028657 -0.018936829995817098 -0.0034345224779023659 0.0066676997813047145 0.0033514899185338649 -0.019007807769322049 0.15966245053847422 0.0032443664533855065 0.0019716335287759718 0.093296841328435728 -0.017742666403591473 0.051308141322600823
leaf_weight=106.40584439660199 43.555537105449503 27.249920035043118 7.6686467082755057 116.37476891297814 253.28566238413373 142.71666486678751 3.6834134021670213 0.61261473138341616 2.0998706683533594 393.46970790561556 17.266668959852662 7.3721217262046776 14.483628660864815 14.293357177179415
leaf_count=217150 87083 82107 15060 257184 541009 264613 7058 1197 4147 823697 33851 14093 28929 26993
internal_value=-0.00170995 -0.000137087 0.00397976 -0.00389711 -0.00835281 0.00521685 0.00958105 0.0648977 0.125059 0.00615861 0.0207164 0.0590598 0.0116056 0.0252054
internal_weight=1150.54 1044.13 498.11 546.023 369.66 176.362 149.113 6.3959 2.71249 454.554 61.0844 15.0408 46.0437 31.56
internal_count=2404171 2187021 1029706 1157315 798193 359122 277015 12402 5344 942623 118926 29153 89773 60844
cat_boundaries=0 1 2 3
cat_threshold=4492984 29982967 52
is_linear=0
shrinkage=0.05


Tree=70
num_leaves=15
num_cat=2
split_feature=27 11 8 2 0 17 3 2 25 11 2 3 3 5
split_gain=6.51538 7.83945 7.70902 13.7029 11.3101 14.7646 12.1012 9.19227 5.79796 4.94647 5.3088 5.13645 10.7608 11.3375
threshold=0 36.500000000000007 1.0000000180025095e-35 225.09500122070315 5474046.2500000009 0.22413311898708346 22.304999351501468 3470.515014648438 1 53.500000000000007 301.76499938964849 3.5949999094009404 2.8249999284744267 1.5000000000000002
decision_type=9 2 2 10 2 8 10 10 9 2 8 10 10 2
left_child=1 2 8 -4 5 -5 7 -7 -1 11 -11 12 -2 -14
right_child=9 -3 3 4 -6 6 -8 -9 -10 10 -12 -13 13 -15
leaf_value=-0.011428454782197995 -0.0017158849849431572 -0.021590590480340392 0.0028836245100706086 -0.028676833755574963 -0.017983737234711743 0.18561308254566586 -0.022341975225039216 0.0038610640045659687 0.0061965757565485349 0.10834443891936046 0.010855415159758016 -0.0085758585871573232 0.13912332941608113 0.017864109208568398
leaf_weight=44.68863105903705 349.68262268017804 27.12336553622896 16.004408053508673 1.3422274333736786 2.1205448088676393 4.092092683451483 0.80665888681164144 0.85567534179426719 317.1075469628957 0.89439922356552082 6.3910606582794642 366.94295867556752 1.6436361235391803 8.575825734616954
leaf_count=82554 424666 55319 29752 2541 3938 6469 2028 1349 662894 1860 13304 1085839 5191 26298
internal_value=-0.00113603 0.00382747 0.00575854 0.0319472 0.0771907 0.104338 0.135017 0.160114 0.00384984 -0.00393598 0.0344556 -0.00442169 -0.000174219 0.0480286
internal_weight=1148.27 414.141 387.018 25.2216 9.2172 7.09665 5.75443 4.94777 361.796 734.131 7.28546 726.845 359.902 10.2195
internal_count=2404002 846844 791525 46077 16325 12387 9846 7818 745448 1557158 15164 1541994 456155 31489
cat_boundaries=0 1 2
cat_threshold=128280778 10910340
is_linear=0
shrinkage=0.05


Tree=71
num_leaves=15
num_cat=2
split_feature=3 27 25 3 17 8 15 11 17 11 16 3 3 0
split_gain=4.36815 11.908 7.48215 11.9383 6.93062 15.3621 10.2155 6.3279 7.09108 5.73191 5.64879 5.81312 5.01327 7.54475
threshold=25.07499980926514 0 1 27.695000648498539 0.89780735969543468 1.0000000180025095e-35 2384651.5000000005 15.500000000000002 0.11040927469730379 5.5000000000000009 2167.942260742188 29.73499965667725 25.005000114440922 1964.2800292968752
decision_type=10 9 9 8 10 2 10 2 8 2 8 10 10 2
left_child=12 4 3 -3 5 -2 10 8 -5 -10 -6 -12 -1 -14
right_child=1 2 -4 7 6 -7 -8 -9 9 -11 11 -13 13 -15
leaf_value=-7.2627048188814925e-05 -0.017454856117534053 -0.023164367617287566 -0.021771878879385226 -0.018115199757589909 -0.018138865792415259 0.12314662137088293 -0.0103024649675499 0.0029746039227274471 0.023320701326139552 0.1923726515198769 0.13963762494618051 -0.016062443054107329 0.13793369660157739 -0.023406004940568291
leaf_weight=1029.7637347111606 11.27785459423607 4.5864375277305944 86.281510621231732 0.56701188936656344 0.56872567016799214 1.3096651785523565 2.773812047869697 1.8294368953815441 1.0443095475204325 1.2686434329696288 3.4819007442274597 0.47017228640751785 0.59625351225258671 0.87955507938750088
leaf_count=2082641 31458 12787 238356 1407 1533 3357 7432 4503 2412 2971 9908 648 1775 2609
internal_value=-0.00093835 -0.0101174 -0.0167322 0.0164922 0.019591 0.00516056 0.0644868 0.0812921 0.117453 0.146123 0.103929 0.121611 9.81584e-05 0.0711623
internal_weight=1146.7 115.459 95.5773 9.29584 19.8821 12.5875 7.29461 4.7094 2.87996 2.31295 4.5208 3.95207 1031.24 1.47581
internal_count=2403797 316772 262436 24080 54336 34815 19521 11293 6790 5383 12089 10556 2087025 4384
cat_boundaries=0 1 2
cat_threshold=148955153 1020504
is_linear=0
shrinkage=0.05


Tree=72
num_leaves=15
num_cat=0
split_feature=17 10 2 16 9 17 3 10 10 2 17 10 3 16
split_gain=6.71486 5.68759 5.61423 9.03281 6.06472 5.90794 7.56294 6.45949 6.3481 13.625 6.02926 5.9504 9.17762 8.48365
threshold=2.8202099800109868 1834.5000000000002 1022.404998779297 10292359.000000002 802.50000000000011 1.5173405408859255 7.4749999046325692 1813.5000000000002 1642.5000000000002 1283.5549926757815 0.63453024625778209 36.500000000000007 24.23499965667725 6810715.2500000009
decision_type=10 2 10 10 2 8 8 2 2 8 10 2 8 10
left_child=2 -2 3 -1 -4 6 7 -6 -8 10 -10 12 -7 -14
right_child=1 -3 4 -5 5 11 8 -9 9 -11 -12 -13 13 -15
leaf_value=-0.00017763420349526773 -0.014973134223635982 0.014860157336324068 -0.00065475741547220889 -0.029600079407940651 0.10803932583533689 -0.024138887808253039 0.010462305985960301 -0.022232323552604221 0.011525337842879298 0.017153817457283897 0.21355473260754576 -0.011458100592655937 0.11646753347647415 -0.025310105250625464
leaf_weight=848.40160779774828 124.49433845565973 17.491059771323577 65.824700434049021 25.913824550946288 4.0616023669135535 2.8649611565924862 25.444166405243742 0.80015122416079965 0.62491607991809706 5.6971443739872312 0.7072978563955985 19.736793609231974 2.9035021241896404 1.0230013628456243
leaf_count=1778108 270784 36509 136220 55657 12357 8707 46135 2340 1115 10153 1186 40245 3527 1315
internal_value=-0.00108224 -0.0112198 0.000361142 -0.00108251 0.0100276 0.0208782 0.0334342 0.086464 0.023149 0.0620486 0.164363 0.0026347 0.0398042 0.0818895
internal_weight=1145.99 141.985 1004 874.315 129.688 63.8635 37.3353 4.86175 32.4735 7.02936 1.33221 26.5283 6.79146 3.9265
internal_count=2404358 307293 2097065 1833765 263300 127080 73286 14697 58589 12454 2301 53794 13549 4842
is_linear=0
shrinkage=0.05


Tree=73
num_leaves=15
num_cat=3
split_feature=3 25 3 27 5 16 2 15 3 0 11 17 4 25
split_gain=6.43632 7.5229 6.53111 6.63856 7.65089 7.98193 8.55481 14.6778 9.06489 11.3759 7.50815 7.25993 8.155 6.32125
threshold=28.035000801086429 0 24.744999885559086 1 4.5000000000000009 1801.838073730469 443.34999084472662 909853.50000000012 15.625000000000002 673470.12500000012 15.500000000000002 0.09030583500862123 10.500000000000002 2
decision_type=8 9 8 9 2 8 8 10 10 2 2 10 2 9
left_child=1 2 3 -1 5 -5 8 -8 -7 10 -10 -9 -13 -2
right_child=13 -3 -4 4 -6 6 7 11 9 -11 -12 12 -14 -15
leaf_value=-0.013348026489283533 -0.01084477895160468 -0.00653983196786202 -0.030743987013294272 0.013090198867113205 0.0010784269108296742 -0.0069456502960802986 0.0086536158500932821 0.24757669258705942 0.18665395356595732 -0.012987915910957777 0.0048338457103327386 -0.025766129492304446 0.12246891632371096 0.0047945076804862125
leaf_weight=10.821652650367467 64.249612375628217 537.57064396425244 6.7832932419551062 12.468791489693105 15.634546228451653 5.9651784269080927 2.4090584318910269 1.0162085250485691 1.3239504884695641 1.7007328905456232 0.82339990744367231 1.0622427840426101 1.3190632238110991 481.23784123134669
leaf_count=31329 74452 1634262 19063 32593 39527 15955 6503 2460 3339 3914 2203 2584 3022 533504
internal_value=-0.00110114 -0.00467612 0.0108168 0.0183933 0.0239921 0.0445187 0.0673098 0.11159 0.0332124 0.0840562 0.140623 0.166013 0.0682805 0.00282527
internal_weight=1144.39 598.899 61.3281 54.5448 43.7232 28.0886 15.6198 5.80657 9.81326 3.84808 2.14735 3.39751 2.38131 545.487
internal_count=2404710 1796754 162492 143429 112100 72573 39980 14569 25411 9456 5542 8066 5606 607956
cat_boundaries=0 1 2 3
cat_threshold=3604743 196468761 6794499
is_linear=0
shrinkage=0.05


Tree=74
num_leaves=15
num_cat=2
split_feature=11 27 25 10 10 17 10 15 9 2 4 3 10 3
split_gain=6.62289 10.2145 11.4991 9.05609 8.29924 10.6371 14.3638 13.081 9.07183 8.79201 11.5564 9.02024 7.70618 15.7884
threshold=12.500000000000002 0 1 879.50000000000011 2263.5000000000005 0.3417262881994248 -31.499999999999996 1054454.5000000002 1121.5000000000002 4695.9499511718759 15.500000000000002 13.135000228881838 1280.5000000000002 8.3550000190734881
decision_type=2 9 9 2 2 8 2 8 2 10 2 10 2 10
left_child=1 2 -1 -3 5 6 -4 8 -7 -9 -11 -12 13 -8
right_child=-2 3 4 -5 -6 7 12 9 -10 10 11 -13 -14 -15
leaf_value=-0.017251331211388179 -0.0062952475171496776 -0.010171544089905071 -0.0081756370305384324 0.0055168496403430172 0.10436953562052625 0.047752541873265358 0.02669443122827115 -0.0091858673534507499 -0.0069806579538494165 -0.0063063746110793052 0.17442754185337159 -0.018551228897145736 0.017367380876305051 0.10449541752336232
leaf_weight=25.611886815381233 553.39404359288017 222.25542528827819 16.915069895509689 155.60748639516336 1.5905848616721119 23.542851546643703 15.940819295093171 83.455074332359729 10.613418426027101 3.5741707100219307 1.227641360776033 0.58929332613479335 16.802679600843689 11.296152818214573
leaf_count=50996 1163672 473537 34542 327476 2861 48589 23902 178273 21755 7531 2051 1673 33881 32575
internal_value=-0.00237268 0.00131705 0.0098306 -0.00361791 0.0143251 0.013761 0.0306649 0.00520436 0.0310304 -0.00495915 0.0516706 0.127471 0.0454334 0.0615192
internal_weight=1142.42 589.023 211.16 377.863 185.548 183.957 60.9547 123.002 34.1563 88.8462 5.39111 1.81693 44.0397 27.237
internal_count=2403314 1239642 438629 801013 387633 384772 124900 259872 70344 189528 11255 3724 90358 56477
cat_boundaries=0 1 2
cat_threshold=260196889 4895418
is_linear=0
shrinkage=0.05


Tree=75
num_leaves=15
num_cat=3
split_feature=15 27 9 0 4 27 15 25 15 3 3 16 5 5
split_gain=6.84555 6.55126 7.27831 8.843 4.79501 13.2323 12.5673 9.73928 9.56167 10.0121 9.36981 15.6277 11.4761 7.02228
threshold=13842183.000000002 0 -528.49999999999989 3767855.7500000005 16.500000000000004 1 4260573.0000000009 2 2651340.5000000005 19.105000495910648 23.714999198913578 568635.12500000012 4.5000000000000009 1.5000000000000002
decision_type=8 9 2 2 2 9 8 9 10 8 8 8 2 2
left_child=4 -2 3 -3 -1 7 -7 -6 9 -9 11 12 13 -11
right_child=1 2 -4 -5 5 6 -8 8 -10 10 -12 -13 -14 -15
leaf_value=-0.0020446028376557121 0.01601429610352912 -0.006047176148260257 -0.03172101855006295 0.11790833349010454 -0.014455729281459179 -0.012412169431509731 0.024969015394150057 0.0069414796092290747 0.0011103484205155138 0.021794890114784068 0.031012982587200744 -0.02052677636047438 0.020604035833451467 0.18716700115763157
leaf_weight=750.17062954487642 8.688165341716898 6.9578595412444377 48.148798128578285 0.78654718660982315 19.926005560672376 126.57008804913256 26.330786052817174 36.746703285578434 46.901929178310624 1.0890025298576773 58.828679647888052 2.3913604903500536 2.5401718013745267 3.4269874493475072
leaf_count=1602743 18528 15553 105612 1727 39544 256556 53944 107202 98659 3044 77052 6511 6791 9495
internal_value=-0.000804047 -0.0164869 -0.0208769 0.0185863 0.000152625 0.00521888 -0.00549722 0.014225 0.0187087 0.0282479 0.0394495 0.0839858 0.117557 0.158469
internal_weight=1139.5 64.5814 55.8932 7.74441 1074.92 324.752 152.901 171.851 151.925 105.023 68.2762 9.44752 7.05616 4.51599
internal_count=2402961 141420 122892 17280 2261541 658798 310500 348298 308754 210095 102893 25841 19330 12539
cat_boundaries=0 1 2 3
cat_threshold=69211140 64129976 2731380
is_linear=0
shrinkage=0.05


Tree=76
num_leaves=15
num_cat=0
split_feature=3 16 10 5 11 4 4 3 9 9 4 15 9 15
split_gain=5.94849 6.15249 6.83296 8.62256 8.02174 5.78584 4.81737 5.31996 6.83972 9.13198 9.21326 8.3049 7.34039 6.81272
threshold=24.414999961853031 8112790.2500000009 312.50000000000006 2.5000000000000004 5.5000000000000009 3.5000000000000004 4.5000000000000009 26.804999351501468 2063.5000000000005 131.50000000000003 16.500000000000004 537122.00000000012 2224.5000000000005 1351218.0000000002
decision_type=10 10 2 2 2 2 2 10 2 2 2 8 2 10
left_child=-1 6 3 -3 -5 -4 -2 -8 9 10 13 -12 -10 -9
right_child=1 2 5 4 -6 -7 7 8 12 -11 11 -13 -14 -15
leaf_value=0.00020130688042760232 -0.034069465836026443 -0.026726439604438563 0.066031927511760832 -0.01945852262434335 0.1518590908445292 -0.028068851830019288 -0.023655957807059771 0.033657109354683246 0.10965429601501737 -0.018150147889980598 -0.028039618300586069 0.095521055901019225 -0.013770359795391512 -0.041745154249593464
leaf_weight=1010.204096170753 24.041942747856041 1.1459753883972474 1.1540160925143101 0.63638948201434642 1.724322449304782 5.8261208479173385 36.935305907332797 4.9736755975312823 1.8178701188104935 36.609679594012029 1.2744135876139184 4.8393615217138208 1.7574168460999098 5.0226636479006244
leaf_count=2043442 69141 3287 3242 1838 4926 16218 110836 13511 4825 96939 3288 12512 4639 13955
internal_value=-0.00108854 -0.0112098 0.0239535 0.0720079 0.113628 -0.0061863 -0.0145301 -0.00918333 0.000559343 -0.00444852 0.025929 0.0694439 0.0592358 -0.00457974
internal_weight=1137.96 127.759 10.4868 3.50669 2.36071 6.98014 117.272 93.2304 56.2951 52.7198 16.1101 6.11378 3.57529 9.99634
internal_count=2402599 359157 29511 10051 6764 19460 329646 260505 149669 140205 43266 15800 9464 27466
is_linear=0
shrinkage=0.05


Tree=77
num_leaves=15
num_cat=2
split_feature=3 17 15 10 4 0 25 10 0 15 10 4 20 0
split_gain=10.265 5.319 7.48789 4.98343 6.61928 6.44303 4.70985 6.1772 9.16074 7.84816 6.52649 7.84599 8.02525 9.43529
threshold=10.934999942779543 2.2499917745590214 24169.000000000004 2473.5000000000005 8.5000000000000018 4146.3950195312509 0 891.50000000000011 1564948.3750000002 648268.00000000012 1.0000000180025095e-35 15.500000000000002 1 1019245.6875000001
decision_type=8 8 8 2 2 2 9 2 2 10 2 2 1 2
left_child=1 6 -3 -2 -5 -6 7 9 -9 -1 -11 12 -12 -14
right_child=3 2 -4 4 5 -7 -8 8 -10 10 11 -13 13 -15
leaf_value=-0.025099913755063003 0.0012106548179048593 0.089498980065601141 -0.028473022811865353 -0.026979166899730761 0.14775706531157248 -0.0018950244919524108 -0.0093781063953825242 -0.027043412695141069 0.09866198150880677 0.008730921006771435 -0.01836719649671573 0.0030034020659714775 0.18423788876145786 -0.016939637221577156
leaf_weight=3.0139321280585163 910.18138710593121 0.43365226316382077 45.420330825771089 1.1696049333502392 1.0224410893570168 1.0773540998327349 155.10487966414138 9.8819123768771497 0.68156302842544469 4.1065847384743375 0.58031612785998843 1.8292563727591185 2.415122392470948 0.51202950655715529
leaf_count=8896 1697646 1381 148046 2081 1618 1754 488372 27291 1667 11000 1723 4751 6517 1263
internal_value=-0.00088997 -0.0104572 -0.025471 0.0014648 0.0553612 0.0951332 -0.00647165 0.0117138 -0.011102 0.0391528 0.0600996 0.0920118 0.127468 0.153695
internal_weight=1137.43 223.98 45.854 913.451 3.2694 2.0998 178.126 23.0207 10.5635 12.4572 9.44331 5.33672 3.50747 2.92715
internal_count=2404006 700907 149427 1703099 5453 3372 551480 63108 28958 34150 25254 14254 9503 7780
cat_boundaries=0 1 2
cat_threshold=3294471 1
is_linear=0
shrinkage=0.05


Tree=78
num_leaves=15
num_cat=4
split_feature=3 27 27 25 28 2 10 15 9 15 2 9 15 10
split_gain=7.86493 7.14634 6.45328 9.47302 8.45672 9.62617 8.57867 12.0634 7.53659 7.41889 13.2056 8.12097 10.4162 7.86103
threshold=29.314999580383304 0 1 2 3 552.78497314453136 -295.49999999999994 1316828.5000000002 1628.5000000000002 4322085.0000000009 397.31500244140631 -480.49999999999994 1422732.0000000002 786.50000000000011
decision_type=8 9 9 9 9 8 2 8 2 10 8 2 10 2
left_child=1 -1 -2 8 5 6 7 -5 9 11 -11 -4 13 -13
right_child=2 -3 3 4 -6 -7 -8 -9 -10 10 -12 12 -14 -15
leaf_value=0.0019769462205121466 -0.0037291746782074663 -0.009062380790871875 0.10349216069836281 -0.036017693433051369 -0.0099983636143773421 0.014188970586007372 -0.023901477476434656 0.091346386079798336 -0.010289241081952992 -0.012915454570332597 0.14462567773609067 0.081882454635973836 -0.019724136765835565 0.0031110199114028733
leaf_weight=232.30002026662984 198.40512080788872 385.78685563772183 2.5819744356810892 2.5641468505173446 71.386113875432784 175.64925851902399 31.497588531102654 3.2433916592506877 6.5427841487614691 1.692852213833266 3.3658636723223294 6.5781023442583768 8.8839762052687377 5.5822268179031687
leaf_count=693750 222922 1183911 2081 2341 70435 166197 32393 3166 5705 1338 2527 5290 6902 4656
internal_value=-0.00122661 -0.00503135 0.00331445 0.00756583 0.00394545 0.00888117 -0.0135098 0.0380822 0.0288954 0.0476126 0.0984757 0.0331656 0.0202337 0.0487063
internal_weight=1136.06 618.087 517.973 319.568 284.34 212.954 37.3051 5.80754 35.2278 28.685 5.05872 23.6263 21.0443 12.1603
internal_count=2403614 1877661 525953 303031 274532 204097 37900 5507 28499 22794 3865 18929 16848 9946
cat_boundaries=0 1 2 3 4
cat_threshold=178493928 177370572 11090324 147
is_linear=0
shrinkage=0.05


Tree=79
num_leaves=15
num_cat=2
split_feature=3 3 16 25 27 9 9 4 2 4 3 3 9 16
split_gain=7.88808 7.56776 7.13801 6.33426 10.6821 8.82683 9.00411 9.86204 8.31893 7.91743 6.1893 7.2416 15.7115 6.64855
threshold=11.085000038146974 11.454999923706056 388.81480407714849 0 1 36.500000000000007 -230.49999999999997 19.500000000000004 404.65499877929693 6.5000000000000009 16.785000801086429 21.244999885559086 896.50000000000011 1413.3157958984377
decision_type=8 8 8 9 9 2 2 2 10 2 8 8 2 10
left_child=-1 2 -2 4 5 6 8 9 -3 -8 -7 12 -12 -14
right_child=1 3 -4 -5 -6 10 7 -9 -10 -11 11 -13 13 -15
leaf_value=-0.0088866101372570838 0.14717871413896308 0.0057005603862729202 0.023694766008083977 -0.00047646932137421417 -0.0030716649011490356 -0.031213182554420967 0.019098782226306555 -0.021547025802057505 0.13110600571872133 0.18912859078256097 -0.030294587550851085 0.01672434113704711 0.21116110847861386 0.034053173469685553
leaf_weight=223.89907854359041 0.52140970560145383 7.0721641595901055 7.8182364820968369 799.05994652058405 57.130592251036411 4.3179528170439871 1.1694866377363755 0.75582872590166505 0.65628167532850046 2.344949296897187 1.5355306185083493 25.953407861029227 0.91445273510180447 1.379060730920173
leaf_count=710252 1399 10884 22355 1499308 97771 10916 1889 1120 940 3514 3616 33357 2297 3291
internal_value=-0.000500498 0.00156891 0.0463471 0.00110418 0.0121104 0.0278925 0.0691908 0.12072 0.0301502 0.149312 0.0197504 0.0279132 0.084584 0.147342
internal_weight=1134.53 910.629 8.33965 902.29 103.23 46.0991 11.9987 4.27026 7.72845 3.51444 34.1004 29.7825 3.82904 2.29351
internal_count=2402909 1692657 23754 1668903 169595 71824 18347 6523 11824 5403 53477 42561 9204 5588
cat_boundaries=0 1 2
cat_threshold=9040720 44958270
is_linear=0
shrinkage=0.05


Tree=80
num_leaves=15
num_cat=1
split_feature=3 27 8 15 0 0 15 15 16 9 17 17 17 0
split_gain=4.74801 6.79314 7.53134 9.06514 8.12784 10.9953 10.1907 8.07763 8.84461 14.9177 12.6411 7.74827 6.76537 6.52012
threshold=29.894999504089359 0 1.0000000180025095e-35 221513.50000000003 77508.503906250015 1215126.8750000002 492544.50000000006 1593899.5000000002 623.92648315429699 1026.5000000000002 0.83687749505043041 0.12577890604734424 0.2432714179158211 7658.1950683593759
decision_type=8 9 2 8 2 2 10 8 10 2 8 8 10 2
left_child=-1 -2 3 -3 6 12 -4 8 9 -5 -11 -10 -6 -13
right_child=1 2 4 7 5 -7 -8 -9 11 10 -12 13 -14 -15
leaf_value=-0.0038491421045785852 -0.0047206896426510497 -0.021127853424731058 0.081892087020018114 0.011087813445812743 0.022555560102796326 0.0077237017641870361 -0.025518453696310641 0.00041488397878974799 -0.013295231448754422 0.012481913904835279 0.16873699378197626 0.0082177562407260898 0.15791111861309995 0.036993706315660152
leaf_weight=628.22652537949193 189.71788126024038 28.380245602993092 2.0317097909093036 8.8131033389233764 1.7546481124350286 4.1915690141536173 7.1470514436342398 150.55966568589099 22.11932961980397 2.198076161939297 2.8851272196211024 51.33679410619871 2.6058591636592219 31.737609700014616
leaf_count=1914765 186817 27054 1593 8024 1453 3124 5417 150385 20557 2073 2616 49454 1470 28735
internal_value=-0.000949386 0.00265502 0.00701503 0.00528451 0.0380127 0.0703131 0.00396639 0.00813216 0.017804 0.0539925 0.114328 0.0125601 0.117813 0.0195205
internal_weight=1133.71 505.479 315.761 298.03 17.7308 8.55208 9.17876 269.65 119.09 13.8963 5.0832 105.194 4.36051 83.0744
internal_count=2403537 488772 301955 288898 13057 6047 7010 261844 111459 12713 4689 98746 2923 78189
cat_boundaries=0 1
cat_threshold=180934748
is_linear=0
shrinkage=0.05


Tree=81
num_leaves=15
num_cat=4
split_feature=9 11 3 27 21 9 3 16 22 2 2 16 0 28
split_gain=6.85928 6.63963 5.36407 5.25045 6.97477 7.46427 7.5813 7.25193 5.83818 6.21743 8.23434 7.49788 10.4658 5.65647
threshold=2471.5000000000005 27.500000000000004 29.994999885559086 0 1 1.0000000180025095e-35 18.195000648498539 375697.57812500006 2 126.75500106811525 70.485000610351577 1014116.6250000001 374401.81250000006 3
decision_type=2 2 10 9 1 2 10 10 1 8 10 8 2 9
left_child=2 -2 3 4 5 6 -1 -8 -6 10 -10 -12 -13 -7
right_child=1 -3 -4 -5 8 13 7 -9 9 -11 11 12 -14 -15
leaf_value=-0.020814425841003639 0.092312467538751941 -0.015318393145759154 0.048709416488170211 -0.0025448215998281226 0.0092286158457004514 -0.0005249368789173452 0.09530120781107794 -0.0012673659947497013 -0.017964729166840204 -0.016307849435338195 -0.017512196847062882 0.1498122474890056 0.0075932338420373283 0.028167566931877344
leaf_weight=22.954529571988818 2.8634988964526817 1.881343345926126 4.538859640725831 851.30115864725667 58.190619508124655 31.424535292637302 2.0967376353219143 5.1540903190907557 6.797014486830447 76.092132930702064 2.0760796553222463 2.0025035288417712 2.471226945926901 62.531368865718832
leaf_count=43987 4466 3882 1619 1818052 126193 67313 5747 14711 14669 161529 4557 4429 5433 127113
internal_value=-9.78379e-05 0.0543986 -0.000375144 -0.00061667 0.00530855 0.013596 -0.00677052 0.0348236 -0.00212094 -0.00970716 0.0196719 0.0559353 0.0869918 0.0215777
internal_weight=1132.38 4.74484 1127.63 1123.09 271.791 124.161 30.2054 7.25083 147.63 89.439 13.3468 6.54981 4.47373 93.9559
internal_count=2403700 8348 2395352 2393733 575681 258871 64445 20458 316810 190617 29088 14419 9862 194426
cat_boundaries=0 1 2 3 4
cat_threshold=165707855 33 21 30
is_linear=0
shrinkage=0.05


Tree=82
num_leaves=15
num_cat=5
split_feature=3 27 17 21 27 0 27 17 17 10 25 10 16 17
split_gain=4.88814 9.06854 13.1895 6.30638 10.3616 10.2621 8.38057 8.524 8.73965 9.80441 7.84795 7.41623 15.3763 10.0501
threshold=25.07499980926514 0 1.1426582932472231 1 2 701921.96875000012 3 4.3977732658386239 4.1340446472167978 1335.5000000000002 4 1102.5000000000002 1836151.6250000002 0.067895732820034041
decision_type=10 9 10 1 9 2 9 10 10 2 9 2 8 10
left_child=3 2 -2 4 5 -1 -5 8 -8 -10 11 13 -13 -6
right_child=1 -3 -4 6 10 -7 7 -9 9 -11 -12 12 -14 -15
leaf_value=0.0030590064312706897 -0.004974824377988997 -0.015629780448106787 0.077698401994057364 -0.0033092873293240664 0.075949439433366683 0.054272818427063343 0.0098176115825231534 -0.018541289536937466 0.0034926456810485565 0.17005092640996505 -0.013092944820870251 0.10484006070720076 -0.035123165901385221 -0.025791230211796468
leaf_weight=137.43191505140567 13.421458364174928 92.154715126851926 6.4366986093485226 232.97654516500188 2.175195211646499 9.5450272011221369 375.75111777898496 25.991760708566289 1.8030649265274399 0.81763735855929542 216.39683659301949 4.8110814896645016 2.3549554343044292 9.3112513107189425
leaf_count=282007 37421 263009 16397 471040 4241 17385 761206 55712 3997 1741 458802 8787 4491 17408
internal_value=7.83365e-05 -0.00978836 0.0164001 0.00117107 -0.00385447 0.00630328 0.00417964 0.0084678 0.0105903 0.0880716 -0.010204 0.015736 0.0601758 -0.001985
internal_weight=1131.38 112.013 19.8582 1019.37 382.026 146.977 637.34 404.364 378.372 2.6207 235.049 18.6525 7.16604 11.4864
internal_count=2403644 316827 53818 2086817 793121 299392 1293696 822656 766944 5738 493729 34927 13278 21649
cat_boundaries=0 1 2 3 4 5
cat_threshold=148946961 12 133437080 139728306 11584256
is_linear=0
shrinkage=0.05


Tree=83
num_leaves=15
num_cat=1
split_feature=17 17 20 3 3 2 11 9 9 3 17 4 2 17
split_gain=4.46218 4.06735 4.92217 5.72127 3.39042 3.1321 3.05128 6.8175 2.86738 4.52713 5.46636 2.70384 7.44 6.99773
threshold=27.221646308898929 8.6391816139221209 0 2.9050000905990605 29.994999885559086 5257.3750000000009 2.5000000000000004 -129.49999999999997 2471.5000000000005 6.1849999427795419 0.79470399022102367 19.500000000000004 941.11001586914074 1.8800271153450014
decision_type=10 10 1 10 10 10 2 2 2 10 10 2 10 8
left_child=1 4 3 5 8 -3 7 -2 11 10 -10 -1 13 -13
right_child=6 2 -4 -5 -6 -7 -8 -9 9 -11 -12 12 -14 -15
leaf_value=-0.0017975437027971223 -0.026880626041334822 0.10747763341943367 -0.03491747601248623 -0.032114139239614918 0.038491413210856383 -0.00054189047404822651 -0.012170878640038414 0.093650048401077282 0.0029395824493254662 -0.017698193509239898 0.12401603821805306 0.0049959594170123443 0.026467888792166702 -0.022718370825871075
leaf_weight=905.99162819411094 1.1607007599377537 0.90468704937656297 15.537229038407535 1.7933171913729038 4.6119742279076936 1.0207242075994143 1.6417712157682753 2.8279643948315791 1.8310226835601491 2.0944116367172683 1.0109198664285939 132.55779503413942 31.677399799911655 26.459564674718422
leaf_count=1950026 1859 987 36148 5763 1623 1141 2602 4473 1899 5268 1090 268843 62761 57748
internal_value=-0.000440199 -0.000680533 -0.0228835 0.0241402 -0.000273733 0.0696026 0.0404582 0.0602181 -0.000470786 0.0341864 0.0670776 -0.000657786 0.00473834 0.0002713
internal_weight=1131.12 1125.49 19.256 3.71873 1106.23 1.92541 5.63044 3.98867 1101.62 4.93635 2.84194 1096.69 190.695 159.017
internal_count=2402231 2393297 44039 7891 2349258 2128 8934 6332 2347635 8257 2989 2339378 389352 326591
cat_boundaries=0 1
cat_threshold=1
is_linear=0
shrinkage=0.05


Tree=84
num_leaves=15
num_cat=0
split_feature=3 10 4 17 11 3 3 17 10 11 11 16 9 11
split_gain=5.17192 4.95517 6.24421 6.36713 5.41703 13.9461 7.55747 6.78871 5.65606 5.31195 6.18887 5.33097 5.1656 4.18277
threshold=29.994999885559086 2239.5000000000005 4.5000000000000009 0.19697896391153338 17.500000000000004 11.105000019073488 17.345000267028812 0.25147619843482977 2288.5000000000005 28.500000000000004 38.500000000000007 2693486.6250000005 613.50000000000011 12.500000000000002
decision_type=10 2 2 10 2 10 10 8 2 2 2 10 2 2
left_child=1 -1 -3 -4 5 8 -7 -6 -5 -9 11 12 -11 -8
right_child=-2 2 3 4 7 6 13 9 -10 10 -12 -13 -14 -15
leaf_value=-0.0021430513949432703 0.046326316611592061 -0.024096175071985054 -0.010441447318828689 0.070841955072099894 0.096840735334947581 0.22495621642798738 -0.023750197998356402 -0.027947881932392418 -0.025438497897454677 -0.00048764729145123919 -0.021727617369721446 -0.022791731676753756 0.13073637506325697 0.089126848554967067
leaf_weight=1091.0582299154321 4.6716880629817288 6.7117910354427286 7.8402479109354344 1.4817574156331854 1.3831640612042946 0.81840719110914539 0.90400401109945938 5.7915955869975733 3.0649047452025115 1.0187650920852327 2.5335079842625419 0.83645640430040646 1.7660014182329176 0.79679430404212326
leaf_count=2335359 1606 13964 15719 1782 2629 1983 2177 10995 4273 1823 4833 1605 3137 1891
internal_value=-0.00130457 -0.00154311 0.0167256 0.0269215 0.041101 0.0739402 0.148893 0.019748 0.0130542 0.00403135 0.033824 0.068981 0.0952853 0.0425512
internal_weight=1130.68 1126.01 34.9474 28.2356 20.3954 7.06587 2.51921 13.3295 4.54666 11.9463 6.15473 3.62122 2.78477 1.7008
internal_count=2403776 2402170 66811 52847 37128 12106 6051 25022 6055 22393 11398 6565 4960 4068
is_linear=0
shrinkage=0.05


Tree=85
num_leaves=15
num_cat=2
split_feature=27 25 19 3 15 10 10 0 0 5 10 15 3 15
split_gain=5.8064 6.89896 7.00028 7.78129 8.39902 7.37398 10.6649 10.2791 7.03818 10.3905 5.90125 5.83444 7.07017 6.50526
threshold=0 1 1.0000000180025095e-35 14.635000228881838 300059.00000000006 48.500000000000007 1768.5000000000002 171.83499908447268 341.71499633789068 4.5000000000000009 2473.5000000000005 746368.50000000012 0.2950000017881394 695104.50000000012
decision_type=9 9 8 8 8 2 2 2 2 2 2 10 8 10
left_child=1 2 3 -1 -5 -6 7 -7 -9 -10 11 13 -13 -3
right_child=-2 10 -4 4 5 6 -8 8 9 -11 -12 12 -14 -15
leaf_value=-0.01656424331222511 0.0010603557307519759 -0.0034028624848381588 -0.011415053887730295 -0.022088149427241157 0.00065411817337365829 -0.0066577411697143971 -0.013494053910325885 0.2238149543081725 0.00514896387346803 0.14958706112101794 0.076161193406274585 0.080409844576907308 -0.016812481444100247 0.053802709752807404
leaf_weight=4.9790055711637331 834.41608487108704 79.422668245916341 13.240805936345195 2.5786982773849112 2.9447031483257371 1.3059420608864032 1.7372435056612419 1.3736443458535754 2.6238006720917202 1.5048110227129052 0.98132263810839404 0.91692471562416145 176.59707659829436 4.2970050797698454
leaf_count=14827 1746117 179353 26915 4486 4792 2219 2870 2315 4270 2360 1967 3046 398890 9355
internal_value=-0.00109635 -0.00698922 0.0123416 0.0347574 0.0528141 0.0700468 0.0913854 0.116448 0.142197 0.0766964 -0.00977063 -0.0107552 -0.0158627 0.000133687
internal_weight=1128.92 294.504 32.2887 19.0478 14.0688 11.4901 8.54544 6.8082 5.50226 4.12861 262.215 261.234 177.514 83.7197
internal_count=2403782 657665 65054 38139 23312 18826 14034 11164 8945 6630 592611 590644 401936 188708
cat_boundaries=0 1 2
cat_threshold=1478704 9265857
is_linear=0
shrinkage=0.05


Tree=86
num_leaves=15
num_cat=3
split_feature=9 17 17 2 0 11 25 23 16 15 4 10 25 11
split_gain=6.23319 5.81503 7.81065 5.93554 7.56161 4.00466 9.33636 7.75598 9.40224 8.30991 11.6842 7.99677 7.13432 9.65496
threshold=2471.5000000000005 0.3022757768630982 1.703738868236542 336.68499755859381 1101.8650512695315 12.500000000000002 0 1 598.25933837890636 1813769.5000000002 20.500000000000004 1653.5000000000002 2 13.500000000000002
decision_type=2 10 10 10 2 2 9 9 8 8 2 2 9 2
left_child=5 -2 3 4 -3 6 -1 8 -8 -10 -11 -12 13 -7
right_child=1 2 -4 -5 -6 12 7 -9 9 10 11 -13 -14 -15
leaf_value=-0.015212473198380816 -0.015734388334424903 0.0090042855483934998 -0.023916893417900591 0.0036885805670051671 0.21934551958175974 0.083161873673629622 -0.015625501091724055 0.00063377476481004367 0.0061320855258832378 0.029937933417880591 0.13399731681013968 -0.020800929643086673 -0.0068308554650265731 0.0066020745278776508
leaf_weight=66.541601180003923 1.9159039080985749 0.69410748307982861 0.91534557634440705 0.86158643293310877 0.67057776174240713 3.5046231994461925 14.981266899054919 437.98336381440396 26.594410357985364 30.883597938559081 3.8904726852593496 0.71126661443850014 486.61927283678864 51.08076185070734
leaf_count=136899 3404 1010 1678 1211 1028 6912 30748 945411 53820 63307 7690 1286 1048805 100910
internal_value=-0.00158139 0.0490078 0.0827564 0.120435 0.161412 -0.00185267 0.00102765 0.0033805 0.0169625 0.0276389 0.0431473 0.110629 -0.0049441 0.0109545
internal_weight=1127.85 5.05752 3.14162 2.22627 1.36469 1122.79 581.586 515.044 77.061 62.0797 35.4853 4.60174 541.205 54.5854
internal_count=2404119 8331 4927 3249 2038 2395788 1239161 1102262 156851 126103 72283 8976 1156627 107822
cat_boundaries=0 1 2 3
cat_threshold=4862571 44 4878504
is_linear=0
shrinkage=0.05


Tree=87
num_leaves=15
num_cat=4
split_feature=21 27 27 9 25 16 4 9 0 3 9 16 0 9
split_gain=5.251 15.5514 14.7784 11.2234 9.45467 6.59104 12.8704 6.76651 10.7161 6.26607 6.26074 8.44309 6.99656 8.14616
threshold=0 1 2 2422.5000000000005 3 8290792.7500000009 10.500000000000002 492.50000000000006 6341383.0000000009 1.485000014305115 -360.49999999999994 8290792.7500000009 236.91500091552737 -140.49999999999997
decision_type=1 9 9 2 9 8 2 2 2 8 2 8 2 2
left_child=1 9 3 5 -4 -2 -7 -8 -9 -1 -11 12 -12 -14
right_child=2 -3 4 -5 -6 6 7 8 -10 10 11 -13 13 -15
leaf_value=-0.042041002525618834 -0.0083863127223422259 -0.009990966343486023 -0.011342055079360539 0.086786548727915344 0.014342182478749459 -0.021651481130385702 0.010681900908657074 0.11645907482210408 -0.02766547423168297 -0.014572270801410218 -0.0068399067699523785 -0.02378797556331072 0.058857351896927139 0.015964801503028172
leaf_weight=5.2716289565577759 257.09022043739526 344.86541344778681 35.527404069856814 2.2890300342705237 255.39200134992518 9.5704518017418394 5.5884300886558922 4.7060354524735768 1.2366312622325493 24.375078434514791 29.091640643816334 14.240820495141945 11.396995949764259 124.74609293399695
leaf_count=16926 544638 771139 72479 4155 535124 21113 12018 10168 2573 49860 56992 30461 23401 252419
internal_value=-0.00014381 -0.00357545 0.00319041 -0.00492255 0.0109066 -0.00616161 0.020096 0.0537079 0.0868027 0.00697501 0.00878211 0.0120171 0.0152275 0.0199585
internal_weight=1125.39 553.988 571.4 280.481 290.919 278.192 21.1015 11.5311 5.94267 209.122 203.851 179.476 165.235 136.143
internal_count=2403466 1201198 1202268 594665 607603 590510 45872 24759 12741 430059 413133 363273 332812 275820
cat_boundaries=0 1 2 3 4
cat_threshold=10 233637048 224171440 9610046
is_linear=0
shrinkage=0.05


Tree=88
num_leaves=15
num_cat=1
split_feature=27 18 10 16 9 9 3 3 10 9 17 9 3 16
split_gain=4.38074 8.25871 6.59273 9.08714 7.47957 11.7517 12.33 8.3598 7.4792 7.44675 9.45848 8.96624 8.17601 8.59411
threshold=0 2.5000000000000004 2195.5000000000005 3647.398559570313 814.50000000000011 1948.5000000000002 19.585000038146976 14.125000000000002 2288.5000000000005 516.50000000000011 2.8202099800109868 1887.5000000000002 29.535000801086429 5442117.5000000009
decision_type=9 2 2 8 2 2 10 8 2 2 8 2 10 10
left_child=-1 2 9 4 -4 6 7 -6 -9 12 11 -11 13 -2
right_child=1 -3 3 -5 5 -7 -8 8 -10 10 -12 -13 -14 -15
leaf_value=-0.0038484059574911858 0.0099083604297056857 0.10575202347677957 0.0075982132943418022 -0.010405870726262118 0.017743784859961979 -0.0071430106167894372 -0.024434993031685559 0.25074143426581436 0.05974780352456463 -0.0047542975232979798 -0.02340776453078432 0.017923236527296937 0.071448096328024138 -0.019148579021713862
leaf_weight=545.42186508270584 202.52457656361909 0.92593023977519706 5.9396747994076851 9.0940296889475416 1.2139037788729172 2.4972356932083262 0.95507205439491727 1.3272645226097668 1.7325913845852481 217.61644136718223 51.575495592437449 53.44177552654088 3.9319291787534487 28.144746089310502
leaf_count=1185128 427224 1807 10792 18236 3526 4370 2597 1318 1903 452545 113093 111590 6511 64284
internal_value=-0.000674165 0.00233363 0.00202696 0.0278214 0.0522351 0.0817479 0.118532 0.149057 0.183949 0.000925456 -0.00399918 -0.000233754 0.00768626 0.00629567
internal_weight=1126.34 580.921 579.995 22.7598 13.6657 7.72607 5.22883 4.27376 3.05986 557.235 322.634 271.058 234.601 230.669
internal_count=2404924 1219796 1217989 42742 24506 13714 9344 6747 3221 1175247 677228 564135 498019 491508
cat_boundaries=0 1
cat_threshold=110552342
is_linear=0
shrinkage=0.05


Tree=89
num_leaves=15
num_cat=2
split_feature=15 25 11 10 15 2 2 3 15 25 16 15 16 9
split_gain=5.04256 6.02361 5.77564 9.3466 5.66427 5.52856 9.62411 5.0429 4.75504 4.75027 11.0529 10.5211 14.8659 18.525
threshold=340733.00000000006 0 32.500000000000007 -271.49999999999994 13842183.000000002 1874.4749755859377 748.80502319335949 28.224999427795414 260390.50000000003 1 1470.2989501953127 797813.00000000012 94388.386718750015 395.50000000000006
decision_type=10 9 2 2 10 8 10 10 10 9 10 8 10 2
left_child=1 7 8 -4 9 6 -5 -1 -3 10 -2 -12 13 -13
right_child=4 2 3 5 -6 -7 -8 -9 -10 -11 11 12 -14 -15
leaf_value=-0.040603573331813393 -0.0083724293992955105 -0.0029938630302616966 0.11240957187367617 -0.0016240003085123843 -0.027315777500097262 -0.0092419319886630959 0.11990535727831127 0.042653938042114613 -0.026614708870344492 -0.00011625803511247364 -0.016857122588861191 0.13134596657585515 0.015316523116942466 0.024792195448001455
leaf_weight=25.516354626553948 43.396377562272278 128.67192916753163 1.4625204441590209 4.1650817643042206 16.605889206573693 13.708967200518227 1.6481680725531429 1.1573266605210459 24.617836973018512 794.27278021347854 12.562396704005801 6.4425477510186644 40.309405400334633 10.35822788932081
leaf_count=54429 84065 281129 3148 9462 36909 30052 3384 2732 52990 1715730 25122 11091 74631 19039
internal_value=-0.000788407 -0.00794589 -0.00334648 0.0204693 0.000775173 0.00843974 0.0453736 -0.026136 -0.00693521 0.00131879 0.0104098 0.0235344 0.0325564 0.0707353
internal_weight=1124.9 200.948 174.275 20.9847 923.948 19.5222 5.81325 26.6737 153.29 907.342 113.069 69.6726 57.1102 16.8008
internal_count=2403913 437326 380165 46046 1966587 42898 12846 57161 334119 1929678 213948 129883 104761 30130
cat_boundaries=0 1 2
cat_threshold=778951 2905038
is_linear=0
shrinkage=0.05


Tree=90
num_leaves=15
num_cat=3
split_feature=3 27 27 3 4 3 25 17 4 17 17 10 2 2
split_gain=5.31418 6.52226 5.96878 8.29513 7.62345 7.38229 7.21716 11.4292 9.31935 7.47495 7.35816 6.8599 6.64689 11.3184
threshold=25.07499980926514 0 1 25.025000572204593 1.0000000180025095e-35 16.085000038146976 2 0.47507685422897344 9.5000000000000018 0.59134215116500866 0.058238372206687934 -319.49999999999994 4123.8950195312509 5257.3750000000009
decision_type=10 9 9 10 2 8 9 10 2 10 10 2 10 10
left_child=2 -2 4 5 -1 -4 7 8 10 -8 -7 12 -11 -14
right_child=1 -3 3 -5 -6 6 9 -9 -10 11 -12 -13 13 -15
leaf_value=-0.025527191836311032 0.0075759847259910364 -0.017586697158049298 -0.012355971082109665 0.11270382432094675 0.0057119833781767828 0.064122606034808627 -0.0096716722498919779 -0.020565587040455142 0.058924426796627086 0.017571380755385509 -0.020072748935797705 0.0012087329998397469 0.17367428160164375 0.0020057109306826932
leaf_weight=19.404771539295325 32.390394031270432 78.332643399544338 166.28736227245815 0.53647848103719198 465.38574221517774 2.5039983992755905 168.67019131623965 10.872331810955073 18.269648768677143 18.225704909506025 9.0097834004845918 130.69755647455167 1.0115828029811376 1.8823292815941384
leaf_count=41223 88422 228488 541735 1633 948520 3887 263288 15679 24574 26824 13466 201966 1300 2590
internal_value=-0.000770891 -0.0111198 0.000370394 -0.00327965 0.00432261 -0.00367274 0.000348507 0.0177144 0.0376571 -0.00237971 0.00189884 0.00557628 0.031328 0.0912042
internal_weight=1123.48 110.723 1012.76 527.967 484.791 527.43 361.143 40.6558 29.7834 320.487 11.5138 151.817 21.1196 2.89391
internal_count=2403595 316910 2086685 1096942 989743 1095309 553574 57606 41927 495968 17353 232680 30714 3890
cat_boundaries=0 1 2 3
cat_threshold=148941361 94832878 14497924
is_linear=0
shrinkage=0.05


Tree=91
num_leaves=15
num_cat=1
split_feature=4 27 11 11 3 16 0 3 15 3 16 5 0 16
split_gain=4.84697 6.38188 8.95734 11.6557 8.53891 8.34538 8.91423 9.20807 6.12271 6.64006 5.98521 10.1488 6.70315 6.16229
threshold=20.500000000000004 0 8.5000000000000018 3.5000000000000004 9.7449998855590838 1470.2989501953127 114.39500045776369 18.695000648498539 192430.00000000003 29.994999885559086 1234.732116699219 1.5000000000000002 230.20000457763675 6517500.0000000009
decision_type=2 9 2 2 8 8 2 8 10 8 10 2 2 10
left_child=-1 2 3 -2 -5 8 7 -7 9 -3 -6 -12 -13 -14
right_child=1 5 -4 4 10 6 -8 -9 -10 -11 11 12 13 -15
leaf_value=-0.0011920561834514671 -0.021002173469918697 -0.024355648639206251 -0.021653015712661802 -0.032709728428474243 0.0040987316531245288 -0.022355157600423808 0.020639154485954821 0.14614581158464704 -0.019853141727455142 0.11988066419774122 -0.026515101498450728 -0.018397843061261351 0.15317638788189208 0.0038237137703265658
leaf_weight=974.52307347573833 9.3327349516143716 0.94910463783891752 34.231113338488818 1.8899949922051718 2.6949223510787066 0.80811452980557197 70.44902773148165 1.8033653322550325 18.877014189877315 0.76567974081617785 1.1270116807330461 0.58137434755917627 4.1670679974582985 0.85733650603007561
leaf_count=2104454 19265 2873 70187 5880 4894 2323 140634 2344 38518 707 2015 1016 7467 1634
internal_value=9.29253e-05 0.00847522 -0.00525448 0.0192461 0.051446 0.0154178 0.0248976 0.102252 -0.0106717 0.0604833 0.0698358 0.0922155 0.116486 0.132557
internal_weight=1123.06 148.534 54.8816 20.6504 11.3177 93.6523 73.0605 2.61148 20.5918 1.71478 9.42771 6.73279 5.60578 5.0244
internal_count=2404211 299757 112358 42171 22906 187399 145301 4667 42098 3580 17026 12132 10117 9101
cat_boundaries=0 1
cat_threshold=170874065
is_linear=0
shrinkage=0.05


Tree=92
num_leaves=15
num_cat=3
split_feature=3 27 25 15 15 3 25 9 10 4 3 15 9 0
split_gain=4.71703 5.73147 8.09799 8.61421 7.98296 8.34429 7.05547 6.34505 5.58208 8.79354 6.7299 6.01336 5.87549 4.88811
threshold=29.994999885559086 0 1 2860086.5000000005 1969086.5000000002 22.404999732971195 2 -195.49999999999997 2239.5000000000005 11.500000000000002 19.57499980926514 415169.00000000006 2095.5000000000005 101183.22265625001
decision_type=8 9 9 8 8 10 9 2 2 2 10 10 2 2
left_child=1 2 3 4 13 7 -3 -6 -8 -10 11 -11 -13 -1
right_child=-2 6 -4 -5 5 -7 8 -9 9 10 -12 12 -14 -15
leaf_value=0.005222478119979064 0.0024820999419217708 -0.018739973108193513 -0.014026102794857623 -0.020965352610471014 -0.015661292059916534 -0.022984095666540097 0.00083047264344508591 0.15431565357217142 -0.010952204935068049 -0.018472123479429486 -0.0016300460869624212 0.14665675331828185 -0.01544016953585051 0.085996599251057279
leaf_weight=13.482140836320474 501.40976546708112 35.364504079625476 191.84050350599858 9.3257864810439042 0.45579315698705691 0.85008799184288353 355.94923685664327 2.1811105971573843 5.3998840971908049 0.58555668972258024 2.1001839143136749 2.8134610265551605 0.44649149177712377 1.2057558666128887
leaf_count=37202 482883 103177 627600 24627 1146 2222 1086009 5372 15580 1673 5368 7425 1131 3254
internal_value=-0.00112375 -0.00402983 -0.0102919 0.0123221 0.0360311 0.0948459 -0.000338279 0.128707 0.0019269 0.0350329 0.0723605 0.104767 0.126043 0.0169124
internal_weight=1123.41 622 219.341 27.5007 18.1749 3.48699 402.659 2.6369 367.295 11.3456 5.94569 3.84551 3.25995 14.6879
internal_count=2404669 1921786 701423 73823 49196 8740 1220363 6518 1117186 31177 15597 10229 8556 40456
cat_boundaries=0 1 2 3
cat_threshold=89785600 3625033 2694328
is_linear=0
shrinkage=0.05


Tree=93
num_leaves=15
num_cat=2
split_feature=9 15 23 27 4 9 10 2 11 15 15 16 16 10
split_gain=5.68265 4.0827 8.53596 14.1906 13.9504 15.9762 10.4112 12.8412 11.8515 11.6534 9.06741 8.86155 13.0131 7.5557
threshold=-796.49999999999989 2719268.0000000005 0 1 14.500000000000002 1639.5000000000002 1102.5000000000002 400.84500122070318 18.500000000000004 6880374.5000000009 4386551.5000000009 2693.4414062500005 286686.40625000006 1346.5000000000002
decision_type=2 10 9 9 2 2 2 10 2 10 10 10 8 2
left_child=-1 -2 3 4 11 6 -6 8 9 10 -8 -3 13 -13
right_child=1 2 -4 -5 5 -7 7 -9 -10 -11 -12 12 -14 -15
leaf_value=-0.024452390296692939 0.0024370185998628191 -0.018069730831454665 -0.007990983311307728 -0.012417879989270408 0.048820406061930915 -0.0240558433765799 0.069865309252799976 -0.020391782145310535 0.0051110132446190162 0.02862739302839816 0.35018717794653215 0.021086695058193879 0.011096543869591503 0.21589419637759999
leaf_weight=22.453687105217341 764.1215966058021 11.513789923534354 269.658175241771 30.206454817062401 6.5866712819432509 2.850245059092777 1.085262828255912 0.68783025336562564 0.81386847491376091 0.90723787279313084 0.87380236479124973 1.1095111914037237 7.9974214432237671 0.50421447765256733
leaf_count=48162 1626211 23678 600650 59423 12642 5590 1998 1362 1508 1678 1456 2308 16587 961
internal_value=-9.91445e-05 0.000420234 -0.00417635 0.0110373 0.029437 0.0749133 0.100522 0.154866 0.18498 0.221521 0.270987 0.010981 0.0442058 0.141267
internal_weight=1121.37 1098.92 334.794 65.1363 34.9299 13.8049 10.9547 4.368 3.68017 2.8663 1.95907 21.1249 9.61115 1.61373
internal_count=2404214 2356052 729841 129191 69768 26234 20644 8002 6640 5132 3454 43534 19856 3269
cat_boundaries=0 1 2
cat_threshold=28 84656356
is_linear=0
shrinkage=0.05


Tree=94
num_leaves=15
num_cat=2
split_feature=27 17 25 10 11 2 10 15 2 17 15 16 16 17
split_gain=5.45155 8.21347 6.92603 9.28904 6.68354 7.91642 6.55895 6.7776 6.47761 7.63956 7.01523 6.19303 7.67366 8.65623
threshold=0 27.221646308898929 1 301.50000000000006 4.5000000000000009 422.17500305175787 950.50000000000011 10650788.500000002 4123.8950195312509 0.75459933280944835 40046.500000000007 6372737.0000000009 1704.3801269531252 0.83687749505043041
decision_type=9 10 9 2 2 8 2 10 10 10 10 8 10 10
left_child=1 2 3 -1 5 -2 8 -8 9 -7 -11 12 -5 -14
right_child=4 -3 -4 11 -6 6 7 -9 -10 10 -12 -13 13 -15
leaf_value=-0.0085343373171500887 -0.02158712470346236 0.07941307354617283 0.00032800924649810316 0.013896625732671593 -0.0069404954774548618 0.011169750684494505 0.032383787401650418 -0.037476980882197357 0.052372121259544449 0.087684401463849551 -0.026320431507890436 -0.013836377509502196 0.10118451393021802 -0.013298975083835205
leaf_weight=11.049084457161753 21.851869239496729 2.4764133913267861 437.7073818767974 6.8216162859530796 509.47541194771287 42.296642622501139 37.825614288809653 2.9828781060645815 4.8590471229728385 0.45247982001456932 28.51755692302563 3.1448010414561685 8.9195924608469621 1.7227614124858508
leaf_count=21995 49403 3648 913151 13780 1116304 94068 81735 6691 10185 971 63471 6248 17448 3122
internal_value=-0.00129161 0.00277372 0.00226036 0.0214735 -0.00422791 0.00540581 0.0105903 0.0265031 0.001827 -0.00229625 -0.0216735 0.0471496 0.0582861 0.0831017
internal_weight=1120.1 471.842 469.365 31.6579 648.262 138.786 116.934 40.8085 76.1257 71.2667 28.97 20.6088 17.464 10.6424
internal_count=2402220 979392 975744 62593 1422828 306524 257121 88426 168695 158510 64442 40598 34350 20570
cat_boundaries=0 1 2
cat_threshold=199516838 5898560
is_linear=0
shrinkage=0.05


Tree=95
num_leaves=15
num_cat=5
split_feature=21 25 27 11 27 3 0 25 11 3 3 3 3 2
split_gain=4.90124 11.4313 10.745 12.0366 10.4071 10.3043 14.6252 9.21921 10.5866 14.5585 10.9225 7.31182 20.315 9.2387
threshold=0 1 2 5.5000000000000009 3 28.57499980926514 4431.1298828125009 4 25.500000000000004 16.545000076293949 18.605000495910648 21.085000038146976 25.57499980926514 439.83499145507818
decision_type=1 9 9 2 9 10 2 9 2 8 10 10 10 10
left_child=4 -2 11 5 7 -4 -7 8 -1 -10 -11 -3 -13 -14
right_child=1 2 3 -5 -6 6 -8 -9 9 10 -12 12 13 -15
leaf_value=0.020231407282189962 -0.016534360178075577 0.013170090887892026 0.011838687838166613 -0.0043565950516055779 -0.010410660639657551 0.15854576938714685 -0.014831399441612089 -0.00041502220640052539 -0.027738898217829284 0.19562416049330411 0.0010491461109304481 0.094019081750773573 -0.037050238312128364 0.054478212219085387
leaf_weight=18.923776247307952 60.646152881290824 91.552386549881859 100.01102032428038 294.52352235701244 300.67071921704752 1.875673122800829 1.83666498029827 224.78741706009279 1.2451123229984646 2.0529890886391517 0.95853603503404006 9.7612177575356345 6.6834831050011436 3.3054643151891545
leaf_count=39458 129433 177725 208802 622966 663911 4294 4133 488833 3803 2273 2687 27929 18784 8776
internal_value=-0.000968267 0.00226801 0.00480795 0.000787338 -0.00429287 0.0153709 0.0878235 0.00325232 0.0275041 0.10216 0.149393 0.0178292 0.0463437 -0.00456103
internal_weight=1118.83 570.196 509.549 398.247 548.639 103.723 3.71234 247.968 23.1804 4.25664 3.01153 111.303 19.7502 9.98895
internal_count=2403807 1202842 1073409 840195 1200965 217229 8427 537054 48221 8763 4960 233214 55489 27560
cat_boundaries=0 1 2 3 4 5
cat_threshold=10 14197932 11012165 138253994 1614636
is_linear=0
shrinkage=0.05


Tree=96
num_leaves=15
num_cat=1
split_feature=17 3 3 0 17 17 3 3 16 16 25 9 4 15
split_gain=5.68867 8.12464 5.19712 6.21596 13.3267 7.69425 7.63017 7.48284 7.12902 6.39074 5.82671 6.18765 6.22369 5.74716
threshold=4.3977732658386239 28.664999961853031 10.22499990463257 4171585.7500000005 0.71651494503021251 3.0420889854431157 12.184999942779543 23.314999580383304 5144820.2500000009 10292359.000000002 0 2319.5000000000005 15.500000000000002 404626.00000000006
decision_type=10 10 8 2 10 8 8 8 10 10 9 2 2 8
left_child=2 -2 10 9 13 8 -7 -8 -6 -4 -1 -12 -13 -5
right_child=1 -3 3 4 5 6 7 -9 -10 -11 11 12 -14 -15
leaf_value=-0.024463486869031593 -0.015940207443033576 0.061525656827718968 0.0030962407839519863 -0.016799175033864439 0.032658700700461306 0.14929426349078448 -0.036843569071345846 0.048640160752740684 -0.011814669259290162 -0.025360891256023796 -0.0028043254724590631 0.096685407231753978 -0.025624527001650962 0.066030326168084297
leaf_weight=22.272172227210831 69.39678169843674 2.5833876356817589 762.08828457173388 2.0090247297030013 10.48734668950088 0.50526980563881618 2.7969370147038699 7.6132715415846803 40.854501480209713 19.260042005596574 161.03711092068875 2.067545743528171 1.0504643657914128 14.507072491487229
leaf_count=74170 156947 5839 1444156 3405 18877 1577 8713 11323 76747 39040 527680 6292 3097 26038
internal_value=0.00114401 -0.012355 0.00208336 0.0037239 0.0170212 0.00607757 0.04228 0.0244569 -0.00227992 0.00236326 -0.00546512 -0.00120099 0.0592628 0.0555711
internal_weight=1118.53 71.9802 1046.55 860.122 78.7734 62.2573 10.9155 10.4102 51.3418 781.348 186.427 164.155 3.11801 16.5161
internal_count=2403901 162786 2241115 1629876 146680 117237 21613 20036 95624 1483196 611239 537069 9389 29443
cat_boundaries=0 1
cat_threshold=896696
is_linear=0
shrinkage=0.05


Tree=97
num_leaves=15
num_cat=2
split_feature=27 25 9 16 9 11 10 17 11 17 16 0 9 16
split_gain=7.80892 10.6858 8.85038 9.8014 11.9169 11.4234 11.3952 8.90452 7.66744 8.4602 7.89496 6.73117 6.62267 6.60175
threshold=0 1 767.50000000000011 1801.838073730469 1298.5000000000002 15.500000000000002 1413.5000000000002 0.10519625991582872 13.500000000000002 0.34816025197505956 1314.7505493164065 903261.18750000012 -796.49999999999989 648.89834594726574
decision_type=9 9 2 10 2 2 2 10 2 8 8 2 2 8
left_child=12 2 -2 8 5 -5 7 -7 9 10 -4 -6 -1 -14
right_child=1 -3 3 4 11 6 -8 -9 -10 -11 -12 -13 13 -15
leaf_value=-0.033307528865684881 -0.0030862801569088421 -0.0073535890395834804 0.12857914112293437 0.035371040155665508 0.045018586103617163 0.014465344912596774 0.0048087903556316269 0.26850146498634003 -0.031590164954050585 -0.007047453210482179 -0.022706614763044319 -0.036651074356162716 -0.012257108709075338 0.0061238114155688283
leaf_weight=10.958266670328952 33.073421324074886 496.23105867146376 2.0792944599891348 3.6828283811820413 7.4160366394821802 0.55082938274426885 0.82370684183433596 1.1976157047320155 7.1327187770455831 4.8162289694778577 0.83076954032003403 2.7365968879633309 53.255943449351598 494.88266058360972
leaf_count=23509 63306 1100801 4199 6322 14408 1003 1516 2232 14459 10171 1653 5028 109525 1045864
internal_value=-0.000692863 -0.00481102 0.0130094 0.033635 0.0591023 0.108464 0.173919 0.222852 0.00356005 0.0359113 0.0906283 0.0216924 0.00346147 0.00431889
internal_weight=1119.67 560.571 64.34 31.2666 16.4076 6.25498 2.57215 1.74845 14.859 7.72629 2.91006 10.1526 559.097 548.139
internal_count=2403996 1225098 124297 60991 30509 11073 4751 3235 30482 16023 5852 19436 1178898 1155389
cat_boundaries=0 1 2
cat_threshold=233359592 9230606
is_linear=0
shrinkage=0.05


Tree=98
num_leaves=15
num_cat=2
split_feature=25 27 3 4 0 17 0 10 15 4 15 4 17 15
split_gain=4.44242 5.45156 8.08539 6.58818 7.97179 9.71091 6.74307 5.91159 5.75291 6.18651 4.80746 4.80541 4.3824 7.54476
threshold=0 1 4.5450000762939462 21.500000000000004 113338.90234375001 0.28273311257362371 418.84500122070318 -445.49999999999994 1144574.5000000002 14.500000000000002 448321.00000000006 5.5000000000000009 0.32968400418758398 4675339.0000000009
decision_type=9 9 8 2 2 10 2 2 10 2 10 2 10 10
left_child=1 3 8 -1 5 -5 -7 10 -3 -10 -4 -12 13 -9
right_child=-2 2 7 4 -6 6 -8 12 9 -11 11 -13 -14 -15
leaf_value=-0.024894328407599153 0.00072812979911018524 -0.0093712575351580368 -0.025829021964075688 -0.0050644415671229088 -0.035606246460732904 0.0062169363555597823 0.19331109990372938 -0.0073485207777212354 0.013249373775177521 0.16413268463821595 -0.020285219040496173 0.10183705660837493 -0.029878207330650965 0.064202552480761663
leaf_weight=62.644821088345694 1002.468996216998 1.4607479235564782 1.0662629243348365 2.3360748248916399 2.4674098431362164 0.77837966148132309 0.64388202463468536 22.418424458105736 1.3711946046241794 0.86792073758260802 0.68183313495772724 2.2921879096811035 13.881130851443528 3.3765023988067631
leaf_count=137221 2158071 4846 2141 4684 4880 1701 1250 42576 4329 2558 1399 4235 27603 5934
internal_value=-0.000384891 -0.00918336 0.00388581 -0.0174772 0.0260845 0.0655568 0.135756 -0.00196682 0.0670112 0.104351 0.0491601 0.0757798 -0.00825374 0.0040639
internal_weight=1118.76 116.287 47.4162 68.8706 6.22575 3.75834 1.42226 43.7163 3.69986 2.23912 4.04028 2.97402 39.6761 25.7949
internal_count=2403428 245357 95621 149736 12515 7635 2951 83888 11733 6887 7775 5634 76113 48510
cat_boundaries=0 1 2
cat_threshold=2461325 24169460
is_linear=0
shrinkage=0.05


Tree=99
num_leaves=15
num_cat=2
split_feature=3 3 0 16 15 3 9 0 27 2 16 27 4 17
split_gain=7.59965 10.8844 14.2934 13.2866 9.28078 17.3663 15.9195 23.9801 6.31963 5.98811 8.67702 7.6618 6.79552 8.00152
threshold=3.5349999666213994 2.8249999284744267 1057359.1875000002 1334.2114257812502 1267632.0000000002 2.9150000810623173 395.50000000000006 1964.2800292968752 0 1022.404998779297 77485.164062500015 1 6.5000000000000009 0.80889329314231884
decision_type=10 10 2 8 10 10 2 2 9 8 8 9 2 10
left_child=1 9 3 -3 6 -6 -5 -8 -2 10 -1 12 -12 -14
right_child=8 2 -4 4 5 -7 7 -9 -10 -11 11 -13 13 -15
leaf_value=0.073802066384277665 -0.010999917116345043 -0.013925530319420419 -0.038457150705478123 0.0099502142565232477 0.17884192902959006 -0.01783342983313016 0.0013519250536499564 0.30229300679892002 -0.00029386913523995854 0.0045859418606018706 -0.021804528293993639 -0.016080665350967093 0.031493478558377662 -0.03950947640805158
leaf_weight=2.2295421984737223 259.34929697909382 3.1565996732388131 3.3268358397181137 1.5016715200617921 0.5294007739285006 3.6612683167186333 0.94705102240550365 1.2707776364404706 293.64309483236269 410.79115572360752 11.393734687953836 94.998161815703497 27.203908927302113 3.7433381087321314
leaf_count=2318 804878 10044 10453 4813 1674 11475 3050 4019 890436 486672 14763 123122 31618 4016
internal_value=-0.00136796 0.00270957 0.0441793 0.0701494 0.101497 0.0366802 0.15128 0.214142 -0.00552958 0.00154685 -0.00736708 -0.00920873 0.00807246 0.0219372
internal_weight=1117.75 564.753 14.3936 11.0668 7.91017 4.19067 3.7195 2.21783 552.992 550.36 139.569 137.339 42.341 30.9472
internal_count=2403351 708037 45528 35075 25031 13149 11882 7069 1695314 662509 175837 173519 50397 35634
cat_boundaries=0 1 2
cat_threshold=85337878 16834691
is_linear=0
shrinkage=0.05


end of trees

feature_importances:
fraud_score=189
secs_since_prev_tx=136
amount_to_prior_mean=127
product_tenure_days=118
transaction_city=113
customer_tenure_days=109
merchant_name=103
prior_mean_amount_same_ccy=93
amount=86
prior_tx_count=74
amount_usd=70
local_hour=66
local_dow=24
product_type=17
is_cross_border=14
channel=12
log_amount=11
transaction_category=8
is_weekend=6
prior_count_same_merchant=6
transaction_type=5
prior_cross_border_count_30d=4
currency=4
is_night=3
prior_tx_count_7d=1
merchant_category=1

parameters:
[boosting: gbdt]
[objective: binary]
[metric: average_precision,binary_logloss]
[tree_learner: serial]
[device_type: cpu]
[data_sample_strategy: bagging]
[data: ]
[valid: ]
[num_iterations: 3000]
[learning_rate: 0.05]
[num_leaves: 15]
[num_threads: 8]
[seed: 20260929]
[deterministic: 1]
[force_col_wise: 1]
[force_row_wise: 0]
[histogram_pool_size: -1]
[max_depth: -1]
[min_data_in_leaf: 1000]
[min_sum_hessian_in_leaf: 0.001]
[bagging_fraction: 0.8]
[pos_bagging_fraction: 1]
[neg_bagging_fraction: 1]
[bagging_freq: 1]
[bagging_seed: 20260929]
[bagging_by_query: 0]
[feature_fraction: 0.8]
[feature_fraction_bynode: 1]
[feature_fraction_seed: 20260929]
[extra_trees: 0]
[extra_seed: 10297]
[early_stopping_round: 0]
[early_stopping_min_delta: 0]
[first_metric_only: 1]
[max_delta_step: 0]
[lambda_l1: 0]
[lambda_l2: 1]
[linear_lambda: 0]
[min_gain_to_split: 0]
[drop_rate: 0.1]
[max_drop: 50]
[skip_drop: 0.5]
[xgboost_dart_mode: 0]
[uniform_drop: 0]
[drop_seed: 19726]
[top_rate: 0.2]
[other_rate: 0.1]
[min_data_per_group: 200]
[max_cat_threshold: 16]
[cat_l2: 10]
[cat_smooth: 20]
[max_cat_to_onehot: 4]
[top_k: 20]
[monotone_constraints: ]
[monotone_constraints_method: basic]
[monotone_penalty: 0]
[feature_contri: ]
[forcedsplits_filename: ]
[refit_decay_rate: 0.9]
[cegb_tradeoff: 1]
[cegb_penalty_split: 0]
[cegb_penalty_feature_lazy: ]
[cegb_penalty_feature_coupled: ]
[path_smooth: 0]
[interaction_constraints: ]
[verbosity: -1]
[saved_feature_importance_type: 0]
[use_quantized_grad: 0]
[num_grad_quant_bins: 4]
[quant_train_renew_leaf: 0]
[stochastic_rounding: 1]
[linear_tree: 0]
[max_bin: 255]
[max_bin_by_feature: 255,255,255,5000,255,255,255,255,255,255,255,255,255,255,255,255,255,255,255,255,255,255,255,255,255,255,255,255,255]
[min_data_in_bin: 3]
[bin_construct_sample_cnt: 200000]
[data_random_seed: 20260929]
[is_enable_sparse: 1]
[enable_bundle: 1]
[use_missing: 1]
[zero_as_missing: 0]
[feature_pre_filter: 1]
[pre_partition: 0]
[two_round: 0]
[header: 0]
[label_column: ]
[weight_column: ]
[group_column: ]
[ignore_column: ]
[categorical_feature: 20,21,22,23,24,25,26,27,28]
[forcedbins_filename: ]
[precise_float_parser: 0]
[parser_config_file: ]
[objective_seed: 817]
[num_class: 1]
[is_unbalance: 0]
[scale_pos_weight: 1]
[sigmoid: 1]
[boost_from_average: 1]
[reg_sqrt: 0]
[alpha: 0.9]
[fair_c: 1]
[poisson_max_delta_step: 0.7]
[tweedie_variance_power: 1.5]
[lambdarank_truncation_level: 30]
[lambdarank_norm: 1]
[label_gain: ]
[lambdarank_position_bias_regularization: 0]
[eval_at: ]
[multi_error_top_k: 1]
[auc_mu_weights: ]
[num_machines: 1]
[local_listen_port: 12400]
[time_out: 120]
[machine_list_filename: ]
[machines: ]
[gpu_platform_id: -1]
[gpu_device_id: -1]
[gpu_device_id_list: ]
[gpu_use_dp: 0]
[num_gpu: 1]

end of parameters

pandas_categorical:[["ARS", "COP", "USD"], ["ATM", "App", "Branch", "POS", "Transfer", "Web"], ["Adjustment", "Deposit", "Payment", "Purchase", "Transfer", "Withdrawal"], ["Entertainment", "Food", "Health", "Other", "Services", "Transport"], ["Entertainment", "Food", "Health", "Other", "Services", "Transport"], ["Boutique Moda", "Cable TV", "Centro Comercial", "Cine Premium", "Cl\u00ednica M\u00e9dica", "Conciertos Live", "Empresa Telef\u00f3nica", "Estaci\u00f3n de Servicio", "Farmacia Salud", "Ferreter\u00eda", "Gasolinera Express", "Internet Plus", "Laboratorio Central", "Mercado Central", "Restaurante El Buen Sabor", "Servicios P\u00fablicos", "Streaming Music", "Super Ahorro", "Taxi Seguro", "Teatro Nacional", "Tienda Don Jos\u00e9", "Tienda General", "Uber", "\u00d3ptica Visi\u00f3n"], ["Argentina", "Brazil", "Colombia", "Mexico", "Spain", "USA"], ["Barcelona", "Barranquilla", "Bogot\u00e1", "Bras\u00edlia", "Buenos Aires", "Cali", "Cartagena", "Ciudad de M\u00e9xico", "C\u00f3rdoba", "Guadalajara", "Houston", "La Plata", "Los Angeles", "Madrid", "Medell\u00edn", "Mendoza", "Miami", "Monterrey", "New York", "Puebla", "Quer\u00e9taro", "Rio de Janeiro", "Rosario", "Salvador", "Sevilla", "S\u00e3o Paulo", "Tijuana", "Valencia"], ["Cuenta Ahorro", "Cuenta Corriente", "Inversi\u00f3n", "Pr\u00e9stamo Hipotecario", "Pr\u00e9stamo Personal", "Seguro", "Tarjeta Cr\u00e9dito", "Tarjeta D\u00e9bito"]]
